"","LGA","STE_NAME16","xcoord","ycoord","PCTUNEMPLD","PCTNODIPLOMA","PCTPOV50","PCTINGP","PCTHFOFMNOHS","POPO_9PCT","PCTFORBRN","PCTEMPFEMA","PCTLABFORCE","PCTFEMALESEPARATED","PCTMBLHM","MED_MTMRG","MED_GRRNT","INDP_fishing","EETP","POPDENS"
"1","Albany (C)","Western Australia",118.233881830782,-34.9148714540544,5.118624,54.9361,42.66937,3.5132546,3.154298,11.693317,18.320924,95.67148,60.44094,3.833573204,2.002741849,1625,280,0.265621047,40.2443947,21.9861778846154
"2","Alexandrina (DC)","South Australia",138.862139344456,-35.4296288493919,5.835048,57.73362,48.32893,1.6011224,2.891268,9.872058,16.3837331,94.91948,52.44985,3.058781807,1.441899915,1354,250,0.150496639,32.50421167,36.6964539007092
"3","Ashburton (S)","Western Australia",115.513633966335,-21.5170334573282,1.970967,47.96703,11.61461,9.4414282,0.660218,10.271764,21.2062257,95.5898,91.55051,4.061826024,18.89016676,1500,30,0,76.38332431,0.334643545279383
"4","Augusta-Margaret River (S)","Western Australia",115.001558542693,-34.0324808362215,4.688797,41.98565,38.28771,1.4712609,2.889809,14.918987,19.8651372,95.58314,70.39237,3.393425239,3.051245273,1733,300,0.33635566,41.39553116,17.4078144078144
"5","Ballina (A)","New South Wales",153.518602729233,-28.8688088653368,5.83859,53.92428,42.45,3.5232154,3.592112,10.819413,9.8636458,95.00491,57.62528,3.593205575,4.007593335,1733,340,0.156612529,37.69110276,223.454545454545
"6","Barunga West (DC)","South Australia",137.918520927499,-33.6244125369089,5.906736,68.07967,52.08122,2.0631579,2.084972,9.244689,7.9584775,95.35963,47.51354,2.712815716,1.937567277,800,170,2.428256071,30.09514271,4.1400651465798
"7","Bass Coast (S)","Victoria",145.502283572729,-38.5728352069792,6.377418,59.0022,49.48735,0.9814219,3.444492,10.860818,13.9998662,94.10579,52.77657,4.10173992,1.152289007,1322,250,0.169889168,31.69505725,98.2215568862275
"8","Bayside (C)","Victoria",145.005322337057,-37.9550008776884,4.596843,26.95175,34.21485,0.2041193,2.645944,11.913443,24.7437886,95.20981,64.80481,2.464965864,0.017132927,2500,450,0.006577938,49.6394036,6935.14285714286
"9","Bayswater (C)","Western Australia",115.917664050656,-31.9309958222993,7.75293,36.14851,38.38252,1.3931635,3.115626,11.23017,38.8572186,92.64599,69.31314,3.023483721,0.053709298,2000,350,0.018688096,51.5427325,4974.92307692308
"10","Bega Valley (A)","New South Wales",149.877293943961,-36.8907729386202,5.364591,57.75054,47.17552,3.395122,3.070307,10.031876,11.3241798,95.0904,53.79705,3.733462631,2.701764536,1343,250,0.468906142,33.60244552,13.7186468646865
"11","Bellingen (A)","New South Wales",153.000699519767,-30.4591238498858,7.211995,55.50042,48.87297,3.794245,4.09629,11.136543,11.2253642,93.84975,53.9746,3.866691217,3.081279147,1430,280,0,32.83241787,20.5016181229773
"12","Belmont (C)","Western Australia",115.918087601662,-31.9474165435386,8.789484,38.97823,38.89748,2.7665562,3.22036,11.840746,40.6218317,91.2834,68.50576,3.668884683,0.321298263,1977.5,350,0,52.08939076,2645.66666666667
"13","Botany Bay (C)","New South Wales",151.193832755278,-33.9545434716039,5.552357,31.74092,39.1329,1.8460697,3.391138,11.941866,44.4231435,94.37544,67.57455,2.972269036,0.032235534,2400,460,0,57.40564984,5831.375
"14","Break O'Day (M)","Tasmania",148.237323165132,-41.4599280358501,10.97786,67.93746,60.40254,4.0671972,2.719528,9.485583,12.0915033,90.22346,44.98859,3.3655706,3.554661301,910,195,2.190923318,23.92314189,4.48493754592212
"15","Brighton (M)","Tasmania",147.257009148654,-42.7458208800296,7.912271,68.18701,45.36649,10.0480957,5.765504,16.236676,4.3756178,93.51351,61.13893,4.063068526,0.229533282,1300,220,0,42.36415143,250.181818181818
"16","Brisbane (C)","Queensland",153.046275019777,-27.4429612157874,6.822525,28.01198,36.52149,1.5925483,2.915339,12.031773,27.372755,93.4795,69.85168,2.81222265,0.474410238,2000,390,0.006548684,56.73340157,2183.69691119691
"17","Broome (S)","Western Australia",122.134725808849,-18.3059003352323,6.461422,46.96853,31.45883,31.5382491,3.693655,16.62453,14.1289051,94.55624,73.04951,3.881610869,28.19505431,2500,261,0.425590335,53.28941176,0.772642812901996
"18","Bunbury (C)","Western Australia",115.663094878227,-33.3246916528975,8.851086,57.43559,41.78775,3.8331872,4.138471,11.826441,19.2907608,91.98489,61.79019,4.255162242,1.274962597,1603,300,0.03681343,40.83063873,1276.8
"19","Bundaberg (R)","Queensland",152.178538322286,-24.9449756149327,10.544612,61.89031,51.19956,4.281886,3.812948,11.354878,10.4334206,90.6048,53.72839,4.456164488,4.371209521,1312.5,260,0.143232275,35.86332066,37.3969404186795
"20","Burdekin (S)","Queensland",147.344586134044,-19.6873569485643,5.7727,62.29885,41.51875,6.1763408,2.852123,11.24451,7.7749361,94.26295,64.25315,3.057708872,5.059451589,1300,210,0.19384854,45.69086651,8.76990241397021
"21","Burnie (C)","Tasmania",145.8410178421,-41.0394945143603,8.880952,68.38136,48.4487,7.3583847,4.403514,12.072616,7.8529278,92.50367,57.84327,3.89047206,0.124420314,1083,200,0.052742616,40.00139645,80.0593220338983
"22","Busselton (C)","Western Australia",115.332725525163,-33.6493400335157,5.704403,51.90003,39.87003,1.7720335,2.95737,13.437636,16.9002449,94.73555,63.19046,3.431210822,3.175882637,1870,350,0.075287032,39.77976857,65.397504456328
"23","Byron (A)","New South Wales",153.564670801417,-28.5809178352898,6.554101,40.74931,42.49944,2.0763126,4.002408,10.780834,17.5871077,93.78004,63.23542,3.680221542,5.894654294,1733,400,0.112426923,36.0252809,144.752293577982
"24","Cairns (R)","Queensland",145.921815156945,-17.2173190114631,7.7178,44.84839,37.79548,9.8514492,4.056087,13.665392,18.225015,93.04856,69.49501,4.095718042,2.487087686,1653,300,0.159335821,49.91980897,240.644171779141
"25","Cambridge (T)","Western Australia",115.755233049666,-31.9375709294547,5.309022,22.46043,32.05246,0.2987421,1.986409,13.58375,28.8380351,94.90926,68.35861,1.8595791,0.102430394,2900,450,0.03895598,51.9126506,3347.75
"26","Canada Bay (A)","New South Wales",151.114720344569,-33.8525031807772,5.047372,26.50968,34.64188,0.4966748,2.855195,11.667329,41.2847374,94.98252,67.89356,2.374117465,0.021857326,2500,560,0.006786102,56.71689273,11001.875
"27","Canning (C)","Western Australia",115.904444456347,-32.0305206778869,10.195034,32.08014,44.5159,1.0376571,2.716578,11.650238,50.4304655,90.0373,66.35128,2.379799935,0.059010313,1950,370,0.009605225,52.7710775,3607.48
"28","Capel (S)","Western Australia",115.56732296908,-33.4619791509171,6.790482,52.66055,39.16353,2.4692122,3.2942,15.297004,20.2795457,93.06302,70.49341,3.904847397,0.346437717,1950,350,0,50.43571194,79.6325581395349
"29","Cardinia (S)","Victoria",145.48677837842,-38.2347712517918,5.473892,51.86059,39.30512,0.8798083,3.539785,16.034208,17.9235332,93.81633,69.83845,3.880572949,0.494370464,1733,320,0,51.98836368,190.161616161616
"30","Carnamah (S)","Western Australia",114.981101274704,-29.8454500433848,6.181818,59.44584,40.71247,3.9447732,1.270417,10.889292,12.1399177,100,65.78947,1.923076923,5.376344086,650,0,0,50.60532688,0.497292418772563
"31","Carnarvon (S)","Western Australia",113.622978448697,-24.7447694538471,6.650737,59.54029,37.73638,20.8167539,2.896452,13.559015,18.2433909,95.18987,67.3913,3.621825024,36.62933625,1517,200,0.821444012,47.73159468,0.307179002391147
"32","Carpentaria (S)","Queensland",140.91536521933,-17.5436825754905,8.371041,67.44361,39.33181,44.7852761,4.596527,14.300306,6.4516129,90.99757,64.15094,3.355704698,38.88426311,1020,150,3.018867925,46.58339456,0.0790887425778568
"33","Casey (C)","Victoria",145.304564952611,-38.2138557432479,7.176653,43.8915,42.49464,0.5675058,3.339503,15.729913,36.5278053,92.14118,67.68913,3.453275452,0.21601029,1733,339,0.002947635,52.65810616,1894.27848101266
"34","Cassowary Coast (R)","Queensland",146.02757084392,-18.0218757388741,7.783883,58.72684,45.32991,10.7781667,3.199304,12.111401,12.5346883,93.19468,61.87261,3.40918999,7.518371962,1300,230,0.4199916,40.87762021,15.8701657458564
"35","Ceduna (DC)","South Australia",133.819228172443,-32.2334376573221,3.650094,63.61637,37.02882,23.9144524,3.523194,14.210217,6.0918775,97.35099,67.87698,2.923976608,20.82725061,1300,190,0.928381963,47.62521589,1.62732919254658
"36","Central Coast (C) (NSW)","New South Wales",151.320272207197,-33.4310766458705,6.745716,55.98228,43.52065,4.0265059,4.249762,12.234848,13.5369027,93.28746,59.61854,4.198131778,1.045390683,1733,350,0.036218237,42.2454495,504.986132511556
"37","Chapman Valley (S)","Western Australia",114.583421349216,-28.5856505634225,3.840473,56.83987,37.59398,4.4212219,1.341808,15.607345,12.6945127,95.98765,70.44745,4.26716141,7.275541796,2167,0,0.462249615,49.52681388,0.921275211450878
"38","Charles Sturt (C)","South Australia",138.486757516446,-34.894447445693,7.115405,44.66064,43.38707,1.4729889,3.630962,10.543034,28.2775813,93.59113,62.02049,3.167718462,0.149025452,1712,286,0.029261441,45.96211254,5321.95238095238
"39","Circular Head (M)","Tasmania",145.123718142879,-40.8317451475205,4.785828,74.80957,44.39153,16.9777899,2.815657,13.838384,5.5602007,96.02106,65.02751,4.059278351,0.395673965,1083,170,0.899887514,43.91304348,4.18826017979905
"40","Claremont (T)","Western Australia",115.775666714048,-31.9885083439848,5.554369,21.63849,33.33771,0.6718567,2.764794,8.91099,30.3431214,94.10451,60.19805,2.312008979,0,2600,450,0,49.8578444,5027.5
"41","Clarence (C)","Tasmania",147.459454536198,-42.8088228706787,5.151059,52.7859,38.8391,3.7045542,3.860046,12.245978,9.7434809,95.61383,60.48167,3.392940976,0.500168124,1452,265,0.23789016,42.84897298,375.465753424658
"42","Clarence Valley (A)","New South Wales",152.843310951839,-29.6395330425159,9.006115,66.10956,53.10316,6.8414785,3.927373,10.714427,6.8817158,91.73394,49.21453,4.203509097,5.372420225,1300,260,0.508141818,31.51308601,12.5825676682394
"43","Cleve (DC)","South Australia",136.575908303226,-33.9166727063801,2.534562,60.94118,41.75137,0.7917174,1.751412,13.672316,4.1003672,96.88312,66.15854,2.352941176,11.30268199,867,160,0.358422939,46.96387394,0.913312693498452
"44","Cockburn (C)","Western Australia",115.763030528836,-32.1101654764555,7.595502,41.95701,37.7456,1.6251574,3.229573,14.12723,33.1819021,92.89078,71.68083,3.257527752,0.581259082,2058,380,0.142422351,52.62291921,1607.26153846154
"45","Coffs Harbour (C)","New South Wales",153.156674742846,-30.2009676694223,7.327222,57.04853,45.30725,5.3454828,4.090529,12.086526,13.1792509,93.4338,58.15261,4.3644914,3.934671955,1600,305,0.15037594,38.64877745,161.0353200883
"46","Colac-Otway (S)","Victoria",143.710671305737,-38.7250337603997,4.00483,60.26964,44.5187,1.2753534,3.204425,11.601736,8.0305233,96.33779,62.12803,3.500343171,1.471600688,1300,220,0.159404888,40.301533,15.8033157498116
"47","Cook (S)","Queensland",143.698469042513,-14.1897537706199,7.447383,54.46397,45.08167,25.6801777,2.794884,12.813832,12.5632378,93.66786,64.42976,4.438642298,31.59557662,1300,150,0.474495848,43.04378531,0.10343222518925
"48","Coorow (S)","Western Australia",115.001299261852,-30.1319922207643,8.154506,66.83168,47.29064,3.4161491,1.637765,9.248555,8.7368421,92.85714,56.48485,2,3.380588877,0,150,6.088992974,37.5,0.641532756489493
"49","Copper Coast (DC)","South Australia",137.63065421602,-33.9211474657827,8.780309,69.32365,53.06428,2.8703774,3.182911,10.03678,9.3396741,91.55039,49.32947,3.150123052,1.457827143,1100.5,230,0.754486134,29.63338246,47.4429530201342
"50","Corangamite (S)","Victoria",143.017948150787,-38.6256997589366,3.903421,63.39959,46.83935,1.0118726,2.716003,12.016446,5.2331571,96.24963,61.81592,3.239543726,0.695173137,1083,165,0.113749467,43.79200269,9.43184488836663
"51","Cottesloe (T)","Western Australia",115.751213073825,-31.9921875001529,4.702842,18.51016,28.1926,0.4085658,2.054253,10.574137,24.9363508,95.36168,66.65518,1.780693533,0,3300,530,0.081967213,50.80158593,7594
"52","Dandaragan (S)","Western Australia",115.14490675904,-30.6851819755675,4.158416,60.98266,41.2179,2.7294439,2.334994,11.270237,11.8567455,95.11111,61.53534,3.359375,19.28205128,1900,270,3.690807799,39.70648186,1.23967580084909
"53","Darwin (C)","Northern Territory",130.85928034821,-12.3741265535975,4.647948,36.12582,26.46031,8.2608449,2.566022,12.891027,32.6281739,95.41088,77.28021,3.198744837,3.604987351,2167,420,0.233633605,63.13525094,1832.53488372093
"54","Denmark (S)","Western Australia",117.173059463324,-35.0223484038557,4.669887,47.16015,46.79412,1.3986014,2.837607,10.735043,23.031232,95.54996,56.57026,2.955465587,1.409295352,1601.5,270,0.212585034,33.19511633,8.14763231197772
"55","Derby-West Kimberley (S)","Western Australia",123.9627635478,-17.2908253668972,14.158965,62.16734,54.40491,69.394024,4.697205,18.206522,6.3285775,89.57006,53.09127,2.804065896,22.13206491,1950,100,0,39.29156429,0.167128027681661
"56","Derwent Valley (M)","Tasmania",146.172775149454,-43.294072150809,8.315514,70.80082,49.55562,5.0138681,3.941329,12.42267,6.7346715,93.00101,55.46185,4.078144078,0.903138406,1127,210,0,36.14329471,6.31904161412358
"57","Devonport (C)","Tasmania",146.354031920537,-41.2100019453335,8.551384,68.74557,48.9786,6.7553648,4.712169,12.217634,8.0580668,92.56888,55.59479,4.239494236,0.920618378,1200,220,0.041889203,36.56196398,574.46511627907
"58","Dorset (M)","Tasmania",147.779469251705,-40.878860712252,7.683983,73.4544,52.7929,3.038674,2.930956,11.210153,7.3093573,92.14744,54.69613,3.123864875,1.583892617,1040,155,0.634165676,35.62412342,5.30793905372895
"59","Douglas (S)","Queensland",145.345576644147,-16.2551807162169,5.111876,46.19234,37.31416,8.861885,2.867873,11.053261,18.5162847,95.88507,68.95324,3.533278554,10.21759697,1560,280,0.313075506,45.31287461,12.5037353255069
"60","Dundas (S)","Western Australia",124.515483975206,-32.9283646342204,8.083832,68.32669,45.01992,11.6640746,3.389831,8.865711,16.3461539,97.01493,62.90019,6.944444444,21.56295224,867,80,0,45.03816794,0.021386944762011
"61","East Fremantle (T)","Western Australia",115.763939619318,-32.0319292545314,5.589431,26.50407,32.3711,0.4880149,2.494915,11.254237,22.5707616,95.08951,70.42405,2.836201402,0,2400,410,0.108430469,51.37893983,7375
"62","East Gippsland (S)","Victoria",148.131986141348,-37.7767634391813,6.3729,61.93593,49.55071,3.1157558,3.128261,10.437157,10.7916512,94.24884,52.69956,3.841592327,2.004781278,1300,220,0.655542312,32.6251361,5.57093382807669
"63","East Pilbara (S)","Western Australia",120.033933758537,-19.9318901303253,4.252535,51.8283,19.43841,24.1355222,1.09527,11.094325,14.8347156,92.49707,86.10055,4.004368402,8.751568381,323,100,0,70.21336725,0.0736719092369869
"64","Elliston (DC)","South Australia",135.127759575844,-33.8366793395798,5.6926,59.13272,47.5032,3.3367037,1.339713,12.822967,4.9484536,97.35683,65.71072,2.813299233,8.75,542,100,3.846153846,42.29299363,0.401459854014599
"65","Esperance (S)","Western Australia",122.002657652229,-33.8295295242681,4.550898,57.41315,38.98619,4.6253762,2.577609,13.470993,10.6965174,96.01055,66.98085,3.352847259,2.473168455,1733,240,0.316455696,46.44487271,0.823196114708603
"66","Eurobodalla (A)","New South Wales",150.066279769296,-35.8972183466493,7.059497,59.17504,49.09818,6.0246198,3.481157,9.033281,13.172043,93.95477,47.79291,3.715680293,2.773477812,1400,255,0.218579235,28.31126403,28.118580060423
"67","Exmouth (S)","Western Australia",114.166320173,-22.523909127,4.03833,51.76715,31.35725,2.3002421,2.20022,14.008067,15.7312577,95.64586,75.03852,3.471552555,43.89296504,1950,315,0.936599424,49.53656025,1.08862275449102
"68","Franklin Harbour (DC)","South Australia",136.94587063762,-33.6723982092099,6.26087,67.41693,47.59872,2.2413793,1.46379,12.01849,4.7867711,96.74797,59.89583,0.968992248,9.882352941,1200,200,0.568181818,35.14077164,1.21992481203008
"69","Frankston (C)","Victoria",145.123050809048,-38.1252802612749,6.439713,49.21271,40.37465,1.0688053,4.428077,12.926407,20.0378603,93.30235,66.42,4.076552321,1.056561245,1603,305,0.01757722,48.30494248,2682.88
"70","Fraser Coast (R)","Queensland",152.676396846638,-25.5339038369925,12.02159,63.29511,54.51336,4.4879477,3.905303,10.737614,11.69817,89.433,47.13713,4.64896728,5.047609082,1300,269,0.241826576,30.20793753,37.0178701677608
"71","Fremantle (C)","Western Australia",115.747117042318,-32.061231016698,7.347967,33.26576,37.16158,1.7187559,3.353754,9.853598,30.3627219,93.8633,66.89885,3.081819593,1.104089994,2167,350,0.209220114,47.38486255,4127.57142857143
"72","George Town (M)","Tasmania",146.958403349336,-41.1830339427621,12.374448,69.97103,55.85787,4.8204465,3.844448,11.66642,10.4588061,88.40321,49.40453,4.056501268,0.504908836,1083,180,0,31.70829976,26.8373015873016
"73","Georges River (A)","New South Wales",151.117674350392,-33.9924733636547,6.515718,30.84099,42.89616,0.5642629,3.265592,11.45375,45.3611344,93.17075,63.68837,2.605238985,0.040901316,2167,450,0.005846244,52.39679796,9788.93333333333
"74","Gingin (S)","Western Australia",115.512458443602,-31.3513257501832,6.50477,60.18349,46.0633,2.0059122,2.03143,10.59793,23.7321196,93.8835,58.81153,3.561116458,2.5163827,1733,250,2.064758329,38.22393822,4.21146085552865
"75","Gladstone (R)","Queensland",151.443767070994,-24.0879942182584,11.057819,53.66462,41.60281,4.3778237,2.811395,15.358035,11.1801133,89.25607,69.09231,3.958126054,4.233152193,1961,250,0.126818351,47.6211122,15.227766798419
"76","Glamorgan/Spring Bay (M)","Tasmania",147.980568051076,-42.311308741705,5.431675,65.45887,50.13017,5.2384482,2.431818,7.795455,10.1858925,97.01493,49.74403,3.522607781,3.013561025,1083,190,1.536570375,27.03875072,4.3956043956044
"77","Glenelg (S)","Victoria",141.204885602389,-38.1563656326678,5.942948,66.22371,47.60163,2.6514311,3.129474,10.257721,6.8434172,94.41724,58.93655,3.17961165,1.094335799,1083,184,0.525158769,38.67504052,8.14493960849646
"78","Glenorchy (C)","Tasmania",147.256636023534,-42.8153549434757,7.786238,60.99241,45.6788,5.2052956,5.116118,12.379449,12.7600262,93.79837,59.28965,4.337251723,0.252356918,1300,250,0.084046856,41.65277379,983.957446808511
"79","Gold Coast (C)","Queensland",153.34686815714,-27.9197856191109,7.008966,42.76462,39.6075,1.7969207,3.719292,12.207859,21.4099574,93.02646,66.81627,3.97536181,1.280929873,1948,390,0.017478647,48.45070963,1079.07572815534
"80","Grant (DC)","South Australia",140.720770835906,-38.0513695481661,3.685259,63.98589,39.19633,1.5616933,1.548592,11.925375,6.5374034,96.00219,63.57448,2.182672935,2.240437158,1300,160,2.034428795,47.23374827,11.1882673942701
"81","Greater Geelong (C)","Victoria",144.415974140595,-38.0623877046287,6.376998,49.19917,43.67257,1.0912378,3.718952,12.280123,16.2091569,93.98783,61.56928,3.63610824,0.525140511,1517,280,0.027359514,44.79849783,484.286307053942
"82","Greater Geraldton (C)","Western Australia",114.81284201125,-29.0455907583067,8.778063,58.14478,40.92142,10.5348916,3.740422,13.719197,13.9270313,92.77523,65.44291,4.242110709,1.99239894,1733,270,1.221946646,45.18739974,10.0972294824882
"83","Gympie (R)","Queensland",152.98177230345,-25.9089237454344,9.633454,62.48033,52.82308,3.8722084,3.846231,11.6517,9.0323297,90.89137,52.31459,4.411051866,4.975853743,1300,250,0.22025155,33.46155945,18.6437170805117
"84","Harvey (S)","Western Australia",115.68993175065,-33.1311080454,7.723898,58.48663,41.12882,2.3931416,2.791066,14.535387,16.4789252,92.57604,66.45324,3.296913935,1.7143381,1850,320,0,44.92845451,39.8035982008996
"85","Hawkesbury (C)","New South Wales",150.883812069872,-33.4371391538488,4.269809,57.33838,36.88945,3.9219224,3.543837,13.0978,11.5002977,95.24917,69.50687,3.561955286,0.946993505,2100,365,0.009393199,53.13618033,60.3090569561158
"86","Hinchinbrook (S)","Queensland",146.232489228596,-18.589086770638,6.015657,62.05932,47.38133,6.5568892,2.572584,9.362367,8.9123867,93.96313,57.55276,2.482269504,6.370213517,1300,188,0.310559006,40.50511124,10.0405904059041
"87","Hobart (C)","Tasmania",147.333746671972,-42.8982521294322,6.696154,28.07906,37.91289,1.4969366,2.55536,9.493884,22.7323652,94.0854,64.05834,2.699561992,0.339342524,1647,290,0.16185259,51.63151119,1681.43333333333
"88","Hobsons Bay (C)","Victoria",144.825610518511,-37.8708900215572,6.528613,39.02534,40.52479,0.5842595,3.513297,13.212882,29.80181,93.50095,65.80798,3.476691891,0.202565834,1881,328,0.014477716,50.61013352,3551.08
"89","Holdfast Bay (C)","South Australia",138.511055707955,-34.9996273516208,5.568886,39.1255,35.58114,0.7529356,2.762931,8.891151,22.6394591,95.05273,62.14585,2.792504007,0.161523894,1733,300,0.053600143,45.02530099,7072.2
"90","Hornsby (A)","New South Wales",151.109952330636,-33.5881804227883,4.80583,27.57721,36.80143,0.4804527,2.560526,12.798424,36.2371085,95.05359,67.47906,2.153840988,0.259532451,2400,500,0,54.16013989,810.602272727273
"91","Hunters Hill (A)","New South Wales",151.141837954758,-33.8358627560612,3.495746,27.12858,33.92962,0.5944766,2.321594,11.593685,26.0312405,96.54281,60.1004,1.94861183,0,3033,477.5,0,52.14225707,6999.5
"92","Huon Valley (M)","Tasmania",146.561802863911,-43.4656753544341,6.706604,57.66708,50.61157,9.8893087,2.926107,11.488363,14.3059299,93.74808,55.09136,3.243162457,2.12899186,1300,230,0.52289653,35.97585841,7.61947318908749
"93","Inner West (A)","New South Wales",151.150593519476,-33.8719109300453,4.796596,23.5672,30.80415,1.2026192,2.769767,11.213105,33.9924289,95.36038,73.47425,2.57436425,0.055183485,2600,476,0.008118201,59.7559429,13002.6428571429
"94","Irwin (S)","Western Australia",114.958153962936,-29.3629919288345,7.875579,64.66165,47.00855,2.4962406,2.801905,10.95545,11.4040466,93.67816,55.22661,3.175675676,5.409582689,1733,235,3.291880029,33.90081421,3.90054644808743
"95","Isaac (R)","Queensland",149.435940027011,-21.8442503214951,4.898971,49.49142,31.46094,4.1762174,1.657036,18.895946,7.3546856,93.19887,79.89644,3.746397695,5.121068745,1517,82,0,61.01383898,0.923854060969692
"96","Jerramungup (S)","Western Australia",119.070151925271,-34.4590718745673,1.535836,47.69433,29.97347,3.649635,1.446655,15.913201,7.4112735,100,75.90674,1.813471503,4.166666667,0,100,0,55.38057743,0.440111420612813
"97","Joondalup (C)","Western Australia",115.733359933115,-31.7895300389801,6.856941,37.89497,37.01658,0.6769123,2.720745,12.451843,36.3501714,93.72117,70.71373,2.798193293,0.288830238,2084,410,0.03574392,50.90697636,4064.28947368421
"98","Kangaroo Island (DC)","South Australia",137.227832316909,-35.9782664779156,5.249344,56.69925,46.02716,1.6037736,2.084219,11.037856,12.5119389,96.82107,64.14141,3.634475597,2.371034925,1083,165,1.395998139,35.17730496,2.76751030017657
"99","Karratha (C)","Western Australia",116.927522063493,-20.7177577018565,5.952172,46.96768,25.02586,14.7777016,1.904806,18.130589,17.5037401,92.7703,80.97103,3.035052722,5.477050026,2600,209,0.028261894,63.5349511,3.64921821889871
"100","Kempsey (A)","New South Wales",152.85090470309,-31.0601425170634,8.57419,68.71298,53.81109,12.6169988,4.673544,11.316901,6.6392276,92.58449,47.57197,4.669228199,2.334775474,1300,245,0.258815917,30.25552519,22.1688411358404
"101","Kiama (A)","New South Wales",150.838494777812,-34.727296352045,4.396048,47.62021,38.52269,1.9123111,2.590143,10.626106,13.0756538,95.87738,59.35723,2.487237971,1.01502233,2080,400,0.042553191,41.76261378,216.828282828283
"102","King Island (M)","Tasmania",144.105470657745,-39.8730108734529,3.008424,62.20339,35.19932,2.8334485,2.400505,10.802274,10.8801109,97.49304,68.2266,3.840245776,0,867,130,5.667506297,44.61152882,3.74231678486998
"103","Kingborough (M)","Tasmania",147.255404233819,-43.1880483624419,5.017734,44.18173,39.29801,3.7755698,3.394511,12.911414,16.0225703,95.48846,62.77695,3.195862618,0.689001264,1517,300,0.277435265,43.61526314,128.964028776978
"104","Ku-ring-gai (A)","New South Wales",151.202860116702,-33.7695102691836,4.697288,19.5847,34.53179,0.1849206,2.354027,12.416457,37.9703585,95.44865,63.69464,1.691887769,0.007080816,3000,650,0,53.41542493,3577.36363636364
"105","Kwinana (C)","Western Australia",115.772567510882,-32.2010200023712,10.764165,48.55548,40.94926,3.8600259,3.956733,16.294545,31.1046107,89.01086,67.24397,3.928740771,0.118009572,1820,330,0,49.84189576,846.108695652174
"106","Lake Macquarie (C)","New South Wales",151.546363114967,-33.0649427173324,6.878324,58.84999,43.22334,4.2295945,3.933162,12.245343,8.9764467,93.91113,59.60124,3.524355644,0.896839189,1733,320,0.009473622,42.04830347,789.492
"107","Lane Cove (A)","New South Wales",151.16116917172,-33.8273630142917,4.362915,17.735,27.40952,0.3597227,2.31068,12.776699,35.3795456,95.52072,72.15942,2.394057961,0,2700,512,0,60.11195637,9012.5
"108","Launceston (C)","Tasmania",147.127024054816,-41.4108098742762,8.275586,56.87812,45.67147,3.8012369,4.186966,12.053804,12.5885758,92.96476,60.17401,3.698669338,0.201207243,1270,225,0.080716173,43.58709311,119.549450549451
"109","Lismore (C)","New South Wales",153.399715900769,-28.9989204407258,7.759846,55.2169,46.42206,5.433227,4.437335,11.529188,8.6646357,93.38378,60.57923,4.082740648,2.242792912,1434,260,0.016694491,41.4268919,86.7887323943662
"110","Litchfield (M)","Northern Territory",131.020154356538,-12.576284051068,3.93456,55.10703,24.56594,11.4949968,1.739531,11.724022,12.3905385,96.25,74.42016,3.348593852,15.63099808,2383,380,0.344708721,62.26611227,21.2818911685995
"111","Livingstone (S)","Queensland",150.063455939441,-22.6562943456075,7.919551,55.63386,42.91104,4.8322672,2.867384,12.06231,8.0469506,92.75434,62.38969,3.616461133,6.238162156,1900,300,0.222804718,44.32535885,7.98898678414097
"112","Logan (C)","Queensland",153.24023735517,-27.6973164080257,8.859142,49.15988,42.05932,3.4465447,4.311697,15.444783,18.6507248,90.73956,65.89219,4.529578968,0.527627411,1733,335,0.007691953,49.06376981,819.956756756757
"113","Lower Eyre Peninsula (DC)","South Australia",135.445468902668,-34.5379407407725,4.472003,59.61185,39.74663,3.4287941,1.852188,12.692936,6.100691,95.2,64.77605,2.29604299,4.26300578,1300,180,2.669322709,44.68249871,3.02084476138234
"114","Mackay (R)","Queensland",148.839467763727,-20.9041086430993,8.595497,55.09304,38.99435,5.5781402,3.169522,13.870575,9.5469302,91.19464,69.04959,4.118820661,2.759500738,1950,276,0.088268028,49,39.1054421768707
"115","Maitland (C)","New South Wales",151.693998932805,-32.7911597488234,7.308926,59.9904,41.64915,5.5478634,4.114763,15.04909,7.1253743,92.54638,65.33506,3.908888181,0.341138675,1733,320,0,47.16517034,511.966887417219
"116","Mallala (DC)","South Australia",138.342028856047,-34.5406948327004,6.998867,64.54097,43.72588,2.819136,2.56789,12.384956,13.3020731,92.85357,66.61135,3.426432479,1.088777219,1408,220,0.222386953,46.39379184,24.4472222222222
"117","Mandurah (C)","Western Australia",115.648754642,-32.635569104,10.885545,56.66722,46.64619,2.2656065,3.717454,12.0842,25.0799233,89.37219,56.31175,4.187434798,0.86266221,1820,320,0.126977925,37.29435958,1188.35294117647
"118","Manjimup (S)","Western Australia",116.409920572976,-34.8668466810295,5.214237,59.59398,44.35955,3.5502959,2.950394,11.304442,14.7225916,95.26861,64.35658,3.72454448,1.662660256,1300,190,0,42.23007807,3.40935887988209
"119","Maribyrnong (C)","Victoria",144.906095027564,-37.8203488591125,8.289288,27.46172,40.26508,0.5676344,3.135444,12.131008,40.7256951,91.79449,70.82605,3.154317581,0.314996063,2000,330,0,57.15338655,6857.08333333333
"120","Marion (C)","South Australia",138.510218501183,-35.0420476198018,7.030712,42.27863,42.31454,1.2079084,3.589564,11.340811,27.5863294,93.89433,63.42394,3.142622783,0.128635206,1647,300,0.012051678,47.05040862,4219.90476190476
"121","Melbourne (C)","Victoria",144.942958831785,-37.8148086072315,10.938867,12.14849,44.25945,0.3894622,1.520255,5.04104,60.4146199,88.00928,64.74201,1.588004459,0.493024371,2000,441,0,72.54888014,9711.71428571429
"122","Melville (C)","Western Australia",115.81489610667,-32.0286810399979,6.809513,31.38297,38.30811,0.7297326,2.923243,10.975162,34.0725979,93.81537,64.91535,2.535501711,0.024305471,2167,400,0.069050342,49.51089576,4903.8
"123","Mid-Coast (A)","New South Wales",152.362087369037,-32.185232877795,9.006362,67.23676,53.31496,6.6139169,3.880313,9.995349,8.8939663,91.98381,46.61047,3.984083939,2.426019162,1343,250,0.277233079,28.87283568,23.2617207624936
"124","Moreton Bay (R)","Queensland",153.023714065752,-27.1260277035157,7.723063,48.25924,40.87731,3.1167962,3.87577,14.082937,14.3714704,92.22939,64.93072,4.283190119,1.061202416,1772,340,0.043776994,46.92121212,539.732233502538
"125","Mornington Peninsula (S)","Victoria",144.99178433418,-38.3130054475433,4.920134,49.48893,41.26576,0.8906235,3.37041,11.362229,17.4483455,95.01217,59.01757,3.633408874,0.681244933,1733,310,0.019494639,40.10740057,553.557142857143
"126","Mosman (A)","New South Wales",151.252640843001,-33.8268399236235,3.897084,17.38404,26.03966,0.2219714,2.402023,11.500913,32.5087938,95.87169,66.95916,2.170192906,0.090964221,3033,560,0,53.90041494,9492
"127","Mosman Park (T)","Western Australia",115.764243244831,-32.0223901276023,6.019912,22.70568,34.97923,0.9360564,2.501428,9.925757,32.3980546,94.10933,65.35028,2.33463035,0,2700,300,0.099255583,51.27465857,4377.5
"128","Mount Remarkable (DC)","South Australia",137.92522561527,-32.877424358947,5.572289,66.62168,50.17937,3.4107946,1.328207,9.052779,6.7101227,95.21452,58.22008,3.325020781,3.995157385,867,150,0,40.25573192,2.16414523449319
"129","Moyne (S)","Victoria",142.376559853155,-38.350467443018,3.664008,57.21829,41.83552,1.3101009,2.339536,13.037154,5.9254328,96.07153,66.3689,2.689560857,1.137073597,1300,180,0.118048269,46.51668479,7.79725897920605
"130","Murray (S)","Western Australia",115.777324437973,-32.5979787111486,9.651097,63.33279,47.43399,2.5641026,3.240297,12.446095,16.721549,90.52308,57.16584,4.213317619,4.151185138,1939,300,0.110462364,37.5030421,25.3738601823708
"131","Murray Bridge (RC)","South Australia",139.241945147151,-35.3207372426297,8.747172,63.99481,48.14,4.923876,3.882657,11.710287,14.3736741,91.41611,57.35912,4.352886406,1.860367893,1170,220,0.095488183,40.03451803,29.5077793493635
"132","Nambucca (A)","New South Wales",152.91193270703,-30.703382253688,9.347289,65.9573,55.07104,8.206278,4.169703,10.640292,8.4128261,91.79688,46.78319,4.44606414,5.925925926,1300,250,0.162495938,28.19522956,33.3506944444444
"133","Nannup (S)","Western Australia",115.522000432175,-34.3977229592471,6.724138,54.98982,49.69636,1.8227009,2.633559,10.458992,19.5344971,94.79554,56.69599,4.927007299,6.87960688,1500,175,0,31.31813677,1.12722646310433
"134","Nedlands (C)","Western Australia",115.786731123543,-31.9921875001529,5.375823,18.51898,35.28818,0.3022645,2.088662,11.887847,31.6787452,94.86108,64.06454,2.052046314,0,3250,520,0.041190403,51.48854011,2639.25
"135","Newcastle (C)","New South Wales",151.71274614352,-32.8702650072242,7.391861,45.51339,40.87392,3.6738525,3.766762,11.603351,13.1987756,93.5353,64.90502,3.199963723,0.2480774,1750,340,0.047000926,49.88239386,2158.5
"136","Noosa (S)","Queensland",153.039311647415,-26.3732115032081,6.705947,45.77203,43.10037,1.6026425,3.536157,9.893187,18.177892,93.85566,57.99307,3.780643458,2.170233573,1733,380,0.059797608,36.17865021,155.199404761905
"137","North Sydney (A)","New South Wales",151.216379046756,-33.8398685450972,3.714374,13.6244,20.27623,0.3181099,2.116621,9.660779,37.3673138,96.15764,77.13315,2.329049659,0.051786639,2600,575,0.007480178,63.02363248,16913.75
"138","Northampton (S)","Western Australia",114.179988503767,-27.682807445807,7.474747,61.90476,48.44977,6.047444,2.107164,10.114389,11.9178082,95.28875,59.47137,1.791044776,23.32293292,1500,200,2.863436123,34.95342244,0.685938467891803
"139","Northern Beaches (A)","New South Wales",151.271733761204,-33.7132549286718,3.453025,30.42971,30.86241,0.5779074,2.515067,13.302963,27.5650638,96.49734,70.00745,2.459686621,0.428437144,2800,562,0.007789497,53.2613929,2580.36734693878
"140","Northern Peninsula Area (R)","Queensland",142.249662637321,-10.9636539223905,20.416254,52.27964,52.73058,89.2673993,6.509299,27.575107,1.8021331,82.87938,59.77488,1.399354144,20.61068702,0,120,0,41.17997616,6.88669950738916
"141","Onkaparinga (C)","South Australia",138.470842242077,-35.164268732416,7.669075,52.37208,43.97689,1.6396548,4.178909,12.614082,21.2522427,92.96345,63.03953,3.701058466,0.521437658,1435.5,290,0.016152914,43.43393244,833.83
"142","Palmerston (C)","Northern Territory",130.965761422952,-12.5311830045919,5.085862,46.43763,26.0658,12.2997933,3.323862,18.919079,18.8160125,94.68817,79.74362,3.663914054,0.343773873,2200,430,0.199156514,65.18970666,1689.3
"143","Parramatta (C)","New South Wales",151.046486854585,-33.8211395744317,6.99596,25.93555,40.00035,0.7897818,2.829943,13.46522,50.1902943,92.28035,65.90967,2.54562713,0.046898816,2167,440,0,55.34190028,7067.28125
"144","Perth (C)","Western Australia",115.850638151431,-31.9599688049163,9.398615,17.33388,34.13692,0.9280489,1.087256,4.220571,61.1863101,90.18601,73.37839,2.576473003,1.811594203,2000,440,0.02629503,64.96092619,4359.6
"145","Playford (C)","South Australia",138.515624999594,-34.7307478187567,12.749526,61.08944,50.13062,3.6919693,5.514965,16.417343,22.026688,87.86087,58.2809,4.784716282,0.328738363,1300,245,0.009304057,41.34423394,671.992481203008
"146","Port Adelaide Enfield (C)","South Australia",138.557035207709,-34.8228389025931,9.326695,45.6655,47.09867,2.4336149,4.155634,11.838361,34.4128632,91.64922,60.29267,3.535501514,0.230531347,1543,265,0.013556696,45.73096803,3463.8
"147","Port Augusta (C)","South Australia",137.765080809632,-32.5969284774672,9.632403,66.9508,43.18133,19.7100314,4.220967,12.858384,6.9481091,93.35924,57.59655,4.553734062,3.271861987,1257,180,0.095219958,39.8247627,29.8961038961039
"148","Port Hedland (T)","Western Australia",118.579838752457,-20.3547954555458,5.261745,49.3134,25.40033,19.4898785,2.073972,17.946768,16.9383533,93.6815,80.19376,3.423848878,5.378617682,2600,200,0,62.43369059,2.03417240894389
"149","Port Lincoln (C)","South Australia",135.853988408939,-34.7169363500325,6.383629,61.1534,43.24218,5.5551293,3.619684,13.113355,8.1780056,94.3863,62.2611,3.813269494,1.559946516,1300,220,3.943894389,39.54514922,1171.83333333333
"150","Port Macquarie-Hastings (A)","New South Wales",152.762820005439,-31.4410611390602,6.763938,60.02744,47.0881,4.30176,3.674514,10.707783,10.6568521,93.74328,52.05087,4.005921797,2.958807678,1677,310,0.098878243,35.29762398,55.232770745429
"151","Port Phillip (C)","Victoria",144.960510373156,-37.8542517426237,5.058001,19.39857,26.25432,0.438355,2.202988,8.646382,31.5289206,95.13615,76.15151,2.444619216,0.151225448,2167,400,0,60.99017119,12607.875
"152","Port Pirie City and Dists (M)","South Australia",137.915226459934,-33.4563211202234,10.767123,67.70062,52.58508,3.8864068,4.135706,11.577674,7.7796286,91.11433,54.52644,4.129753305,1.219074937,1000,170,0.124069479,35.48094374,25.5308823529412
"153","Port Stephens (A)","New South Wales",151.929689645661,-32.7344683405414,7.216322,62.03242,45.21473,5.1430249,3.575536,11.855196,10.4214248,92.94703,56.37304,3.769111836,2.536529056,1733,305,0.183210582,38.34173068,210.138972809668
"154","Queenscliffe (B)","Victoria",144.64850535,-38.2666063189999,2.808989,39.63523,38.21966,0.3058104,2.277505,6.7274,9.9183197,96.0452,46.4752,2.188183807,0.501073729,1600,300,0,29.63771279,951.333333333333
"155","Randwick (C)","New South Wales",151.258803844822,-33.9470727440119,5.594116,22.84792,36.42004,1.637468,2.738538,10.569533,41.558672,94.43534,65.38594,2.38737193,0.02399808,2600,550,0.005918473,61.40678637,10047.0714285714
"156","Ravensthorpe (S)","Western Australia",120.050517201309,-33.9219906332611,5.514706,55.4109,40.2608,2.3793787,1.501155,12.471132,15.1131824,95.25316,65.75342,3.091190108,2.161263508,1000,200,0,44.98381877,0.455789473684211
"157","Redland (C)","Queensland",153.360837006,-27.5803479969999,6.11543,47.11246,39.35709,2.434968,3.461646,12.101816,17.3870411,94.22205,65.69871,3.817610267,0.872356876,1950,385,0.064822818,48.03827159,710.19806763285
"158","Richmond Valley (A)","New South Wales",153.397055029866,-29.0039062497736,7.76699,69.94993,51.07638,7.7878211,4.060513,12.633194,5.025344,93.04203,52.97352,4.076174174,4.309672387,1300,250,0.184320472,34.52944348,19.375531011045
"159","Robe (DC)","South Australia",139.849320054377,-37.3218890426451,2.853067,57.03565,39.9061,1.2608353,1.090909,8.872727,7.5502008,96.92308,64.72761,3.577512777,3.390957447,1235,200,2.526002972,37.60523854,3.25829383886256
"160","Rockdale (C)","New South Wales",151.157252550465,-33.9601184130342,6.215602,32.00966,41.28876,0.7201087,3.225718,11.335259,47.6489552,93.82241,65.63043,3.171012761,0.234393131,2167,460,0.007715008,53.43254247,9945.63636363636
"161","Rockhampton (R)","Queensland",150.357842445273,-23.2653163674563,9.193608,54.02854,42.71947,7.9473691,4.156737,13.99418,8.2048698,92.10862,65.15212,4.018245004,2.195234524,1517,270,0.032381513,47.03326497,31.4253054789121
"162","Rockingham (C)","Western Australia",115.743948102124,-32.3437499995628,9.766011,51.85762,40.8752,2.2022607,3.54962,15.404597,28.1254875,90.05161,67.73367,4.199910899,0.456504201,1950,350,0.02024217,48.12254182,1263.75757575758
"163","Roper Gulf (R)","Northern Territory",135.410347819097,-15.3401745557112,17.401392,78.49134,70.76644,83.7374717,4.166667,20.0492,2.3770492,86.18926,42.18253,3.715308863,41.39057396,1517,50,0.814211695,28.33746898,0.0909497706678599
"164","Ryde (C)","New South Wales",151.09894001527,-33.8236669301847,6.319046,24.28436,39.56117,0.3838754,2.693802,11.65996,47.3389255,93.71961,65.74524,2.137537288,0.13065064,2200,460,0.007078518,56.87026198,7269
"165","Salisbury (C)","South Australia",138.56173860985,-34.8039568664162,10.085047,54.26837,48.20033,2.0850893,4.492648,13.69174,31.8810103,90.65988,60.5202,4.112279699,0.315669164,1355,275,0.014111338,44.88718791,2225.5
"166","Shark Bay (S)","Western Australia",114.219786405518,-26.3595088722365,3.464203,58.47953,41.80207,7.7997672,1.055966,13.410771,16.8458781,95.83333,62.93605,3.641456583,46.59427443,2167,200,2.403846154,40.66570188,0.10134845890411
"167","Shellharbour (C)","New South Wales",150.799141049421,-34.5587742329444,6.905226,62.37516,45.10925,4.0322581,4.349985,13.174116,16.5801418,93.03319,61.41754,3.82569486,1.41509434,1859,340,0,43.83724326,1201.05263157895
"168","Shoalhaven (C)","New South Wales",150.452043056242,-35.2278225425763,6.645252,61.87199,49.17933,5.9005444,3.621712,10.827003,12.4437109,93.93696,50.5383,3.819419901,2.380115769,1517,280,0.16448744,33.03318038,56.5224049914918
"169","Sorell (M)","Tasmania",147.67882657029,-42.8651255371137,6.545508,63.32338,43.94178,4.4341154,3.905654,12.528616,7.9309314,94.27083,61.60568,4.24891268,1.887323944,1300,270,0.223677904,40.32895341,64.0666666666667
"170","South Gippsland (S)","Victoria",146.189443945982,-38.7334249018377,4.887952,60.40246,47.41876,1.0482259,2.843206,11.728223,10.6180119,95.26481,58.9234,3.044052137,0.797468354,1300,210,0.191810525,38.45473998,22.5451688923802
"171","South Perth (C)","Western Australia",115.854439616295,-31.9981478451468,7.2182,25.66879,36.06477,1.3513514,2.555431,9.604897,36.4127789,93.27551,67.24977,2.77672939,0.089414336,2200,375,0.058224163,55.14745793,5248.625
"172","Stirling (C)","Western Australia",115.755214214265,-31.8930490014102,7.291209,33.80471,37.23045,1.1250884,3.072181,11.756871,37.7027572,93.18497,68.42431,2.953100423,0.133917449,2000,350,0.008786488,51.24603869,5255.225
"173","Streaky Bay (DC)","South Australia",134.293135523986,-32.6698324678941,4.373178,59.7166,43.02013,1.2004175,1.782274,13.872832,4.2519685,98.16514,67.1671,1.701570681,7.984790875,1083,170,2.378490176,41.55069583,0.863920099875156
"174","Subiaco (C)","Western Australia",115.8219908475,-31.9773612022576,7.673789,16.90289,35.55392,0.7341982,2.138098,10.189537,41.0085527,92.63333,65.38335,2.545155993,0.050885406,2500,400,0.032819166,57.26878042,6454.33333333333
"175","Sunshine Coast (R)","Queensland",153.043987512314,-26.6273231509427,7.148127,47.36842,42.14558,2.0593457,3.451158,11.739507,15.5432499,93.00805,61.72991,3.762313566,2.506616725,1800,370,0.090473739,41.9795981,338.350574712644
"176","Surf Coast (S)","Victoria",144.131068348926,-38.4385037418542,3.817524,40.46795,36.81527,0.667629,2.28896,13.550099,10.8482338,96.04199,66.51978,2.66051196,0.468422793,1850,360.5,0.035878301,45.35696341,49.0033333333333
"177","Sutherland Shire (A)","New South Wales",151.086453318966,-34.0676263570707,3.524127,40.99263,33.28557,1.1586355,2.934108,12.803882,16.9120638,96.3944,68.86475,2.777686754,0.270687404,2405,450,0.00626701,52.41597198,1693.52713178295
"178","Sydney (C)","New South Wales",151.200389504572,-33.8730168344594,6.007311,14.67565,32.81046,1.3175209,1.623028,5.281798,51.3221246,93.71516,73.5135,1.972144132,0.614179454,2500,561,0.008635579,69.61060148,20837.6
"179","Tasman (M)","Tasmania",147.834396361903,-43.0585087540756,5.91716,63.14286,55.68312,5.7619048,2.403035,8.010118,10.8174254,95.94937,47.07521,4.036326942,4.041311181,867,200,3.057324841,24.46206116,9.30196078431373
"180","The Coorong (DC)","South Australia",139.516993045393,-35.9613862040101,4.702455,67.17691,49.91261,6.5277778,2.840698,11.864092,8.0638642,94.73684,58.36774,3.443462075,1.273458445,900,125,0.483091787,40.22565612,1.57900908824392
"181","The Hills Shire (A)","New South Wales",150.8745547536,-33.5005186798931,4.57034,30.96382,35.83321,0.5307835,2.248113,13.948475,34.0777312,95.34872,70.14995,2.129806252,0.122213816,2500,561,0,57.08642967,1055.32214765101
"182","Torres (S)","Queensland",142.412496566963,-10.7291698452121,7.912234,42.97561,36.86545,74.2882829,4.291251,17.99557,4.6519089,92.1875,69.30876,4.008908686,5.856643357,2167,150,1.5625,52.88640596,10.5923753665689
"183","Townsville (C)","Queensland",146.821634650419,-19.2903200392383,8.892964,45.57454,38.69076,7.5122997,3.740234,13.682779,11.3667102,91.83286,68.91883,4.173996482,1.879661485,1733,300,0.047910069,52.87611432,129.689583333333
"184","Tumby Bay (DC)","South Australia",136.128129958732,-34.3454624414385,3.650935,62.96296,45.08197,2.0647773,1.955521,11.004601,5.0638123,95.87426,55.26575,3.397612489,3.71081254,1127,180,0,36.63021869,2.52958292919496
"185","Tweed (A)","New South Wales",153.437570333404,-28.3007812500546,7.063719,57.31611,47.10743,4.2510478,3.977061,11.099437,12.5632217,93.26062,54.84865,3.936098063,5.327723545,1733,340,0.076647931,35.70675486,180.938613861386
"186","Victor Harbor (C)","South Australia",138.612633466661,-35.5634776357843,7.194245,61.04984,52.91033,1.4109855,3.00798,8.505559,19.3916903,94.56033,41.56837,3.409758965,0.621592148,1300,255,0.173913043,23.24447061,98.3959731543624
"187","Victoria Park (T)","Western Australia",115.888227343418,-31.9663362505175,8.638429,28.33685,37.64533,1.6316944,2.374964,10.157188,40.9353603,91.91036,70.09445,2.921200132,0.02374169,2000,350,0.017314019,56.42767481,4998.57142857143
"188","Vincent (C)","Western Australia",115.881714939693,-31.9421179295988,6.094086,23.55636,30.98592,0.7782729,2.021011,10.547246,35.3245317,94.43114,75.53433,2.339261286,0.274971606,2200,410,0.026822595,58.52567747,8424
"189","Wagait (S)","Northern Territory",130.768130779013,-12.4428253177342,8.730159,50.41783,32.493,9.4907407,3.043478,10,12.412178,93.70079,67.92453,3.664921466,0,2400,180,0,45.96774194,230
"190","Wanneroo (C)","Western Australia",115.685653448149,-31.653321147353,8.507667,43.7465,39.4715,1.5192532,3.578336,15.865282,39.5409583,91.47067,71.42407,3.684970124,0.317455798,2050,375,0.057925583,52.05809532,710.249056603774
"191","Waratah/Wynyard (M)","Tasmania",145.731199979496,-40.9876774549506,7.639129,70.44495,50.08782,8.1412727,3.425414,11.535912,8.5750819,93.22898,54.8644,3.97500434,0.956284153,1149,200,0.151515152,36.04270873,9.94505494505495
"192","Waroona (S)","Western Australia",115.653947949239,-32.8963748218405,8.651685,65.7094,46.48573,2.8455285,2.987952,11.445783,16.2117452,91.64557,59.27406,3.898405198,1.866404715,1733,250,0,38.36858006,12.9283489096573
"193","Warrnambool (C)","Victoria",142.498219847269,-38.3966634275751,5.253249,54.48757,41.94015,1.7720872,3.636904,12.096271,7.5123431,94.8953,64.59028,3.865997111,1.13455414,1430,250,0.077911959,43.73441026,716.063829787234
"194","Wattle Range (DC)","South Australia",140.261671304787,-37.7018659116825,6.224376,65.14121,47.03699,2.0116512,2.783487,11.673518,8.1416914,94.48914,60.31246,2.745180218,1.017416796,910,150,1.144808194,39.15313884,7.70184696569921
"195","Waverley (A)","New South Wales",151.274616002926,-33.8936916592426,3.858232,16.82323,24.80793,0.4616128,2.092407,11.683355,40.0904473,96.13508,75.88617,2.109415195,0.076537934,3000,620,0,60.90015478,16703.25
"196","Weipa (T)","Queensland",141.873664260198,-12.627045631051,2.365787,44.88568,20.21531,21.8223365,1.305349,18.582032,7.3015873,97.103,85.79235,1.904036558,7.868649318,2133.5,440,0,70.08945935,976.75
"197","Wellington (S)","Victoria",147.26522994051,-38.3203125003215,6.24902,61.60174,46.00937,1.6189854,3.019588,11.785232,10.137343,94.52328,58.68339,3.765214424,1.709865653,1300,210,0.084750551,40.79072721,10.2911180272923
"198","West Arnhem (R)","Northern Territory",132.931339144586,-12.2793245318015,20.405924,68.52778,68.02664,82.2519739,3.569121,18.523902,2.992126,78.94103,47.69754,2.568644818,19.17255298,3141.5,45,0,32.08344336,0.322869955156951
"199","West Coast (M)","Tasmania",145.556928158208,-42.3575891258374,13.945578,72.53333,54.08971,7.9016222,3.323699,12.716763,7.6246334,88.36915,56.448,3.980404164,0.92879257,650,130,0.733333333,33.62601626,1.12216216216216
"200","West Tamar (M)","Tasmania",146.916719437054,-41.2217866182579,6.363377,58.57943,46.05004,2.5429265,3.006294,11.197676,13.1464498,94.30847,59.72206,3.090758735,1.110791918,1300,250,0.153767299,40.99065528,85.0898876404494
"201","Whitsunday (R)","Queensland",147.916258335554,-19.9141240116137,6.688486,55.08079,37.41756,5.5659384,2.616778,12.49778,13.3641029,93.85908,70.1846,3.828037383,8.632358575,1733,270,0.200258398,48.87486856,3.67315428944221
"202","Whyalla (C)","South Australia",137.526403307967,-33.0968500375991,12.432718,61.87338,50.18552,5.058633,4.365752,12.694123,19.0753169,89.83287,57.83787,4.176097782,1.164962205,1208,175,0.121654501,39.17742234,52.7270531400966
"203","Willoughby (C)","New South Wales",151.217934846916,-33.7912621499282,5.059088,18.14039,34.01651,0.1876676,2.695719,13.633366,45.3763502,94.77305,67.2445,2.126382306,0.026741543,2950,580,0,56.75689965,8255.88888888889
"204","Wollongong (C)","New South Wales",150.903893232387,-34.4009512663877,7.109703,50.02033,45.20614,2.7593796,3.683151,12.118548,21.46153,93.29071,60.0617,3.24290724,0.721718698,1950,320,0.030919689,46.82540694,771.325757575758
"205","Woollahra (A)","New South Wales",151.260675906868,-33.8721357587583,3.347714,15.11815,23.02358,0.3254366,2.352551,10.481388,32.3685765,96.61652,69.81759,2.010740098,0.019140221,3200,650,0,57.36741554,10847.8
"206","Wyndham (C)","Victoria",144.675124406466,-37.972396016163,8.233166,37.24786,40.71154,0.8400754,3.308339,18.321834,39.1680271,90.35001,69.48552,3.710403944,0.4042822,1733,320,0.007230285,54.71817979,1038.84210526316
"207","Wyndham-East Kimberley (S)","Western Australia",127.763442754979,-15.5674039125605,6.768433,53.47594,33.74273,36.792304,3.845078,16.414989,12.3270035,94.26523,72.56008,3.23392023,30.43152906,1950,196,0.219504547,54.75189235,0.165291548221591
"208","Yankalilla (DC)","South Australia",138.293665409132,-35.4690866473308,6.300332,58.54743,50.34774,1.0973085,2.616279,9.147287,17.4853065,93.68836,51.02731,3.442109969,1.821493625,1300,230,0.307219662,28.75274591,17.7931034482759
"209","Yorke Peninsula (DC)","South Australia",137.505330443246,-34.650720119438,5.7282,67.75524,52.498,2.8666985,1.98915,9.014467,9.534411,95.3271,47.86325,2.460608677,2.36399298,953,176,1.273090364,29.98647735,4.85513608428446
