"","LGA","State","Longitude","Latitude","cumi_mean","INDP_fishing","PC1_scores_pd","PC1_scores_pc","PC1_scores_lf","PC1_scores_hc","Hazard","Vulnerability","Exposure","Risk","RiskCategoryM1","RiskCategoryM2"
"1","Albany (C)","Western Australia",118.233881830782,-34.9148714540544,91.3019636111111,0.265621047,0.140199577005502,-0.128069965486226,0.227099366786583,0.0231773582010658,2,2,4,16,"Medium-high","Moderate"
"2","Alexandrina (DC)","South Australia",138.862139344456,-35.4296288493919,135.907965185185,0.150496639,0.258153204021566,-0.503309440610123,1.12905779070722,0.333207432370399,3,2,3,18,"Medium-high","Moderate"
"3","Ashburton (S)","Western Australia",115.513633966335,-21.5170334573282,102.9028432,0,-1.64686506752587,-1.04837502902649,-3.32616090086354,1.67796777261903,3,1,1,3,"Low","Low"
"4","Augusta-Margaret River (S)","Western Australia",115.001558542693,-34.0324808362215,77.446221300813,0.33635566,-0.543240431157597,0.167151513736327,-0.409980581606608,-0.105993102730906,2,1,4,8,"Medium","Moderate"
"5","Ballina (A)","New South Wales",153.518602729233,-28.8688088653368,72.0303301724138,0.156612529,0.100967962745744,0.076510791367387,0.569127552385301,-0.236352228368708,2,2,3,12,"Medium-high","Moderate"
"6","Barunga West (DC)","South Australia",137.918520927499,-33.6244125369089,153.78276875,2.428256071,0.541403734713964,-0.661757382791593,1.50033646352909,1.09585252134651,4,3,4,48,"High","High"
"7","Bass Coast (S)","Victoria",145.502283572729,-38.5728352069792,72.4710766071429,0.169889168,0.761804235575124,-0.138039387052124,1.21396733263053,0.348240075103985,2,3,3,18,"Medium-high","Moderate"
"8","Bayside (C)","Victoria",145.005322337057,-37.9550008776884,76.09781625,0.006577938,-1.39450449349539,-0.510818868159728,-0.440414396642791,-1.39674351308734,2,1,1,2,"Low","Low"
"9","Bayswater (C)","Western Australia",115.917664050656,-31.9309958222993,52.4492183333333,0.018688096,-0.469844108521593,-0.735543261950094,-0.590517466109784,-0.60957813251017,1,1,2,2,"Low","Low"
"10","Bega Valley (A)","New South Wales",149.877293943961,-36.8907729386202,241.981296590909,0.468906142,0.393616738945071,-0.250932545619055,0.983246067554697,0.382638604764864,4,2,4,32,"High","High"
"11","Bellingen (A)","New South Wales",153.000699519767,-30.4591238498858,99.9190652173913,0,0.663701011158993,0.269226201440637,1.10967284708703,0.207364297375965,3,3,1,9,"Medium-high","Moderate"
"12","Belmont (C)","Western Australia",115.918087601662,-31.9474165435386,52.4492183333333,0,-0.0461380139965139,-0.606395077573585,-0.458430700515527,-0.583664968902695,1,1,1,1,"Low","Low"
"13","Botany Bay (C)","New South Wales",151.193832755278,-33.9545434716039,210.719165,0,-0.789489254794789,-0.648316874416055,-0.905960517577333,-1.36018078772763,4,1,1,4,"Low","Moderate"
"14","Break O'Day (M)","Tasmania",148.237323165132,-41.4599280358501,164.20621875,2.190923318,1.68010883781461,-0.445161976728213,2.35862940666714,0.96347957413349,4,4,4,64,"High","High"
"15","Brighton (M)","Tasmania",147.257009148654,-42.7458208800296,157.65268375,0,0.935979412261712,1.93240810631898,0.259613324716085,0.456136389772149,4,3,1,12,"Medium-high","Moderate"
"16","Brisbane (C)","Queensland",153.046275019777,-27.4429612157874,44.6056688235294,0.006548684,-0.90786087377777,-0.419291694016072,-0.936446773465753,-0.757378337955087,1,1,1,1,"Low","Low"
"17","Broome (S)","Western Australia",122.134725808849,-18.3059003352323,103.111822857143,0.425590335,-0.372274267452476,1.7531637733034,-1.04937709298589,0.283831797096612,3,2,4,24,"High","High"
"18","Bunbury (C)","Western Australia",115.663094878227,-33.3246916528975,61.8758067460317,0.03681343,0.705970519997581,0.206893052288447,0.417543848770544,-0.0644509312146234,1,2,2,4,"Low","Moderate"
"19","Bundaberg (R)","Queensland",152.178538322286,-24.9449756149327,40.9697236842105,0.143232275,1.47411280643926,0.240604928933362,1.24276737880617,0.419938283541698,1,3,3,9,"Medium-high","Moderate"
"20","Burdekin (S)","Queensland",147.344586134044,-19.6873569485643,66.8391287878788,0.19384854,0.0518293811414536,0.0235307211567977,-0.143549601985698,0.653776859855719,1,2,3,6,"Medium","Moderate"
"21","Burnie (C)","Tasmania",145.8410178421,-41.0394945143603,78.3457152,0.052742616,1.12017431363109,0.697343536758474,0.64879430839725,0.699350080478489,2,3,2,12,"Medium-high","Moderate"
"22","Busselton (C)","Western Australia",115.332725525163,-33.6493400335157,70.0435375806452,0.075287032,-0.129552226661011,0.0443122908037678,0.161999282838877,-0.408538488160917,2,1,2,4,"Low","Moderate"
"23","Byron (A)","New South Wales",153.564670801417,-28.5809178352898,68.7914226785714,0.112426923,-0.0835502079241315,-0.0108618763113835,0.415000230841514,-0.41715590537187,2,1,3,6,"Medium","Moderate"
"24","Cairns (R)","Queensland",145.921815156945,-17.2173190114631,97.9669654761905,0.159335821,0.0707241739937022,0.665117186508355,-0.55675581851521,-0.0632060167943362,3,2,3,18,"Medium-high","Moderate"
"25","Cambridge (T)","Western Australia",115.755233049666,-31.9375709294547,54.305307826087,0.03895598,-1.72620431678209,-0.569343319970845,-0.734631388087027,-1.69974860375492,1,1,2,2,"Low","Low"
"26","Canada Bay (A)","New South Wales",151.114720344569,-33.8525031807772,202.846978095238,0.006786102,-1.36894102218724,-0.839052112289528,-0.941247528824625,-1.8407106946834,4,1,1,4,"Low","Moderate"
"27","Canning (C)","Western Australia",115.904444456347,-32.0305206778869,51.4150475,0.009605225,-0.25278288171972,-1.07543520505628,-0.262378076792058,-0.651931997076922,1,1,2,2,"Low","Low"
"28","Capel (S)","Western Australia",115.56732296908,-33.4619791509171,65.0257332638889,0,0.139021125788203,0.379643843312877,-0.641581843337782,-0.561823866214158,1,1,1,1,"Low","Low"
"29","Cardinia (S)","Victoria",145.48677837842,-38.2347712517918,73.01321,0,-0.0225691934210508,0.57440147144352,-0.737483577271539,-0.269996176146266,2,1,1,2,"Low","Low"
"30","Carnamah (S)","Western Australia",114.981101274704,-29.8454500433848,71.8628131410256,0,-0.401528658569497,-0.721903075555894,-0.932139631040316,2.00885897497,2,1,1,2,"Low","Low"
"31","Carnarvon (S)","Western Australia",113.622978448697,-24.7447694538471,114.966572962963,0.821444012,0.115202649996449,0.605178764653918,-0.501392764991294,1.55620410329507,3,2,4,24,"High","High"
"32","Carpentaria (S)","Queensland",140.91536521933,-17.5436825754905,68.7718769607843,3.018867925,0.453706312839986,2.29057781724792,0.084256789114387,2.21143411635572,1,4,4,16,"Medium-high","Moderate"
"33","Casey (C)","Victoria",145.304564952611,-38.2138557432479,74.18390325,0.002947635,-0.0263206785914696,0.036479639207024,-0.506461107920726,-0.355771607325944,2,1,1,2,"Low","Low"
"34","Cassowary Coast (R)","Queensland",146.02757084392,-18.0218757388741,83.163152173913,0.4199916,0.480029270248451,0.304944433465729,0.312562965036104,0.653091912259396,2,2,4,16,"Medium-high","Moderate"
"35","Ceduna (DC)","South Australia",133.819228172443,-32.2334376573221,127.782320952381,0.928381963,-0.3923128014491,1.27882713860006,-0.699935575004877,1.24793772567537,3,2,4,24,"High","High"
"36","Central Coast (C) (NSW)","New South Wales",151.320272207197,-33.4310766458705,178.366432608696,0.036218237,0.503915337554797,0.439546126645946,0.373609218946198,-0.373178448813032,4,2,2,16,"Medium-high","Moderate"
"37","Chapman Valley (S)","Western Australia",114.583421349216,-28.5856505634225,78.3448473333333,0.462249615,-0.0270116360132742,0.00806085714540836,-0.83226767101936,0.911018395360284,2,2,4,16,"Medium-high","Moderate"
"38","Charles Sturt (C)","South Australia",138.486757516446,-34.894447445693,144.05881826087,0.029261441,-0.0764273551631234,-0.427690448232911,0.0301772578904945,-0.127913528353589,3,1,2,6,"Medium","Moderate"
"39","Circular Head (M)","Tasmania",145.123718142879,-40.8317451475205,115.817571176471,0.899887514,0.703410938200005,0.784278048206974,-0.247185678207997,0.829306219000124,3,3,4,36,"High","High"
"40","Claremont (T)","Western Australia",115.775666714048,-31.9885083439848,53.9441345833333,0,-1.50266042281192,-1.02997361074105,-0.0884670807513338,-1.47374698464024,1,1,1,1,"Low","Low"
"41","Clarence (C)","Tasmania",147.459454536198,-42.8088228706787,166.758025588235,0.23789016,-0.228251259476106,0.386638590956781,0.105611707508255,0.16706527100251,4,2,3,24,"High","High"
"42","Clarence Valley (A)","New South Wales",152.843310951839,-29.6395330425159,67.7354872727273,0.508141818,1.39853808971302,0.342241914330518,1.62550442328743,0.462094170806923,1,3,4,12,"Medium-high","Moderate"
"43","Cleve (DC)","South Australia",136.575908303226,-33.9166727063801,152.0610104,0.358422939,-0.563358525867426,-0.0652919260859701,-0.528865064529567,1.38994389473818,3,2,4,24,"High","High"
"44","Cockburn (C)","Western Australia",115.763030528836,-32.1101654764555,53.4885643478261,0.142422351,-0.303168212608322,-0.131309717467951,-0.801902930228054,-0.757863074487962,1,1,3,3,"Low","Low"
"45","Coffs Harbour (C)","New South Wales",153.156674742846,-30.2009676694223,93.6297007407407,0.15037594,0.727564381487539,0.413613946831343,0.619485734357334,0.00425728849172924,3,2,3,18,"Medium-high","Moderate"
"46","Colac-Otway (S)","Victoria",143.710671305737,-38.7250337603997,99.4323811764706,0.159404888,0.104476239168055,0.0354861706346423,0.0705377555018686,0.496579054101187,3,2,3,18,"Medium-high","Moderate"
"47","Cook (S)","Queensland",143.698469042513,-14.1897537706199,77.4962276315789,0.474495848,0.698812966183124,0.738827629459152,0.0198852612967036,1.76006120288595,2,3,4,24,"High","High"
"48","Coorow (S)","Western Australia",115.001299261852,-30.1319922207643,67.2807846153846,6.088992974,0.293214744991365,-0.784982577533522,0.819511568014739,1.83515256551995,1,3,4,12,"Medium-high","Moderate"
"49","Copper Coast (DC)","South Australia",137.63065421602,-33.9211474657827,152.5253704,0.754486134,1.07482509144831,-0.184740348377287,1.72284450979596,0.608264932174777,4,3,4,48,"High","High"
"50","Corangamite (S)","Victoria",143.017948150787,-38.6256997589366,117.776412,0.113749467,0.174598517594369,-0.010463341975702,-0.0696659548738874,0.859245459725471,3,2,3,18,"Medium-high","Moderate"
"51","Cottesloe (T)","Western Australia",115.751213073825,-31.9921875001529,53.9441345833333,0.081967213,-2.07788874384085,-0.905055567042168,-0.617531696536308,-2.33186335647313,1,1,3,3,"Low","Low"
"52","Dandaragan (S)","Western Australia",115.14490675904,-30.6851819755675,59.1506220238095,3.690807799,-0.0585157098759989,-0.343038692320614,0.233151843397986,0.41595409266778,1,2,4,8,"Medium","Moderate"
"53","Darwin (C)","Northern Territory",130.85928034821,-12.3741265535975,81.4728963461538,0.233633605,-1.26976007350496,-0.317065241753958,-1.83690287056963,-0.90423243530803,2,1,3,6,"Medium","Moderate"
"54","Denmark (S)","Western Australia",117.173059463324,-35.0223484038557,96.9826826923077,0.212585034,-0.207203450383591,-0.547443016142659,0.801132050407111,0.0621936424092822,3,2,3,18,"Medium-high","Moderate"
"55","Derby-West Kimberley (S)","Western Australia",123.9627635478,-17.2908253668972,98.60858,0,1.43095909586686,3.67579211022211,1.20134777209082,1.15689874635725,3,4,1,12,"Medium-high","Moderate"
"56","Derwent Valley (M)","Tasmania",146.172775149454,-43.294072150809,155.7957,0,1.22820116021095,0.548087703805634,0.932931652528292,0.650695030925948,4,3,1,12,"Medium-high","Moderate"
"57","Devonport (C)","Tasmania",146.354031920537,-41.2100019453335,73.0252190909091,0.041889203,1.23874390699198,0.798112883860065,0.940123175074098,0.555084259199936,2,3,2,12,"Medium-high","Moderate"
"58","Dorset (M)","Tasmania",147.779469251705,-40.878860712252,104.693254193548,0.634165676,1.02801746345655,-0.0427020609050996,1.07200859563134,0.961429095313972,3,3,4,36,"High","High"
"59","Douglas (S)","Queensland",145.345576644147,-16.2551807162169,108.27858,0.313075506,-0.397866391033774,-0.156490694844465,-0.535254228736478,0.340348968118652,3,1,4,12,"Medium-high","Moderate"
"60","Dundas (S)","Western Australia",124.515483975206,-32.9283646342204,93.6555234,0,1.95286060484362,-0.173665024636669,-0.25501171513244,2.04702323766967,3,3,1,9,"Medium-high","Moderate"
"61","East Fremantle (T)","Western Australia",115.763939619318,-32.0319292545314,53.9441345833333,0.108430469,-1.24915815017644,-0.601850139238571,-0.84621704621599,-1.15935721425067,1,1,3,3,"Low","Low"
"62","East Gippsland (S)","Victoria",148.131986141348,-37.7767634391813,117.449608680556,0.655542312,0.738364540199432,-0.168010695476316,1.16277126017692,0.51393982174066,3,3,4,36,"High","High"
"63","East Pilbara (S)","Western Australia",120.033933758537,-19.9318901303253,68.1315035416667,0,-0.989661280044156,-0.181050315066963,-2.45998744183904,1.96498963008433,1,1,1,1,"Low","Low"
"64","Elliston (DC)","South Australia",135.127759575844,-33.8366793395798,143.927732173913,3.846153846,0.151459522652443,-0.26844749646786,-0.318752102772455,1.79752267573066,3,2,4,24,"High","High"
"65","Esperance (S)","Western Australia",122.002657652229,-33.8295295242681,90.8749972,0.316455696,-0.197005086549328,0.150836919057957,-0.482336530940517,0.117432098652308,2,1,4,8,"Medium","Moderate"
"66","Eurobodalla (A)","New South Wales",150.066279769296,-35.8972183466493,250.12157,0.218579235,0.686336368283209,-0.22292434878848,1.68218112579423,0.321212327246809,4,3,3,36,"High","High"
"67","Exmouth (S)","Western Australia",114.166320173,-22.523909127,94.5491465909091,0.936599424,-0.673855826789606,-0.0794350574612233,-1.07706357898192,0.997395586740905,3,1,4,12,"Medium-high","Moderate"
"68","Franklin Harbour (DC)","South Australia",136.94587063762,-33.6723982092099,152.93641,0.568181818,-0.24521424690105,-0.37774186190008,0.414772683180763,0.927634462871116,4,2,4,32,"High","High"
"69","Frankston (C)","Victoria",145.123050809048,-38.1252802612749,75.4544288888889,0.01757722,0.138143808494887,0.364362395592393,-0.318398778580607,-0.0917495649195843,2,2,2,8,"Medium","Moderate"
"70","Fraser Coast (R)","Queensland",152.676396846638,-25.5339038369925,43.882739047619,0.241826576,1.87835697825336,0.157310484789609,1.99671280700607,0.415180897985514,1,4,3,12,"Medium-high","Moderate"
"71","Fremantle (C)","Western Australia",115.747117042318,-32.061231016698,53.3104002173913,0.209220114,-0.611245542908953,-0.661603353581911,-0.348433572438124,-0.703041103294315,1,1,3,3,"Low","Low"
"72","George Town (M)","Tasmania",146.958403349336,-41.1830339427621,71.5562590909091,0,1.91695314229341,0.313743669974927,1.87441436809985,0.792488352490742,2,4,1,8,"Medium","Moderate"
"73","Georges River (A)","New South Wales",151.117674350392,-33.9924733636547,215.158571666667,0.005846244,-0.668375236756728,-0.823729954934687,-0.340322965200085,-1.14140571370033,4,1,1,4,"Low","Moderate"
"74","Gingin (S)","Western Australia",115.512458443602,-31.3513257501832,56.0696595833333,2.064758329,0.460815765520128,-0.832399085413919,0.564255001810699,0.0784645500860482,1,2,4,8,"Medium","Moderate"
"75","Gladstone (R)","Queensland",151.443767070994,-24.0879942182584,43.985361884058,0.126818351,0.746556763985917,0.491451865693665,-0.116898495442513,-0.0399321143121682,1,2,3,6,"Medium","Moderate"
"76","Glamorgan/Spring Bay (M)","Tasmania",147.980568051076,-42.311308741705,160.146944782609,1.536570375,0.629606399649188,-0.71372722185388,1.37949612313041,0.833797348266284,4,3,4,48,"High","High"
"77","Glenelg (S)","Victoria",141.204885602389,-38.1563656326678,140.316991785714,0.525158769,0.469496805645438,-0.120488838202984,0.492240645387634,0.795530690068061,3,2,4,24,"High","High"
"78","Glenorchy (C)","Tasmania",147.256636023534,-42.8153549434757,157.65268375,0.084046856,0.871807922685534,0.802923332103702,0.37991985376438,0.335755632544221,4,3,3,36,"High","High"
"79","Gold Coast (C)","Queensland",153.34686815714,-27.9197856191109,54.9716614583333,0.017478647,-0.0140478525139646,0.0137557385843969,-0.326481355917399,-0.691365724653648,1,1,2,2,"Low","Low"
"80","Grant (DC)","South Australia",140.720770835906,-38.0513695481661,148.309062758621,2.034428795,-0.544448178558411,-0.423807231686248,-0.317339567155728,0.763860781888497,3,1,4,12,"Medium-high","Moderate"
"81","Greater Geelong (C)","Victoria",144.415974140595,-38.0623877046287,81.1521364705882,0.027359514,0.122455750971601,0.11882153036986,0.0800975398922521,0.057626788154244,2,2,2,8,"Medium","Moderate"
"82","Greater Geraldton (C)","Western Australia",114.81284201125,-29.0455907583067,78.7743224358974,1.221946646,0.671066483361837,0.685765665448129,-0.0697647030875004,-0.019346036580961,2,2,4,16,"Medium-high","Moderate"
"83","Gympie (R)","Queensland",152.98177230345,-25.9089237454344,45.859415625,0.22025155,1.44534418928288,0.314531033975471,1.41744385031563,0.489556300390386,1,3,3,9,"Medium-high","Moderate"
"84","Harvey (S)","Western Australia",115.68993175065,-33.1311080454,60.0424481060606,0,0.24305878812629,0.181611446036832,-0.101202716327535,-0.319714461335188,1,2,1,2,"Low","Low"
"85","Hawkesbury (C)","New South Wales",150.883812069872,-33.4371391538488,171.656921,0.009393199,-0.248256535682992,0.37615708925499,-0.888280638190715,-0.717499682277413,4,1,2,8,"Medium","Moderate"
"86","Hinchinbrook (S)","Queensland",146.232489228596,-18.589086770638,74.7459453472222,0.310559006,0.130008082958529,-0.363679033758126,0.524010772071276,0.785280472667533,2,2,4,16,"Medium-high","Moderate"
"87","Hobart (C)","Tasmania",147.333746671972,-42.8982521294322,169.3777521875,0.16185259,-0.897928631247314,-0.816580512148302,-0.399874087922513,-0.0881768672277921,4,1,3,12,"Medium-high","Moderate"
"88","Hobsons Bay (C)","Victoria",144.825610518511,-37.8708900215572,77.2877759090909,0.014477716,-0.283486378059643,-0.13026585172634,-0.407722622845632,-0.424936771247821,2,1,2,4,"Low","Moderate"
"89","Holdfast Bay (C)","South Australia",138.511055707955,-34.9996273516208,142.8476048,0.053600143,-0.84298159461902,-0.858649817869525,-0.0509796168729799,-0.200084640090951,3,1,2,6,"Medium","Moderate"
"90","Hornsby (A)","New South Wales",151.109952330636,-33.5881804227883,186.757281764706,0,-1.35282866767869,-0.655736427669638,-0.800974865556364,-1.51427837602334,4,1,1,4,"Low","Moderate"
"91","Hunters Hill (A)","New South Wales",151.141837954758,-33.8358627560612,203.751839090909,0,-1.7026062422699,-0.682888272907334,-0.388456825786663,-1.91578673037102,4,1,1,4,"Low","Moderate"
"92","Huon Valley (M)","Tasmania",146.561802863911,-43.4656753544341,164.868603392857,0.52289653,0.515939535776158,0.0539607468456632,0.902400243045702,0.47760957583072,4,2,4,32,"High","High"
"93","Inner West (A)","New South Wales",151.150593519476,-33.8719109300453,203.751839090909,0.008118201,-1.56105120451518,-0.750027102799471,-1.44680250340622,-1.57692422547616,4,1,2,8,"Medium","Moderate"
"94","Irwin (S)","Western Australia",114.958153962936,-29.3629919288345,80.5839868055556,3.291880029,0.61469651982928,-0.23206969174763,0.998625260505683,0.233231309779819,2,2,4,16,"Medium-high","Moderate"
"95","Isaac (R)","Queensland",149.435940027011,-21.8442503214951,65.7181439855072,0,-0.531186592736185,0.715188269228184,-1.7121672924391,1.0066915460992,1,1,1,1,"Low","Low"
"96","Jerramungup (S)","Western Australia",119.070151925271,-34.4590718745673,79.5315971153846,0,-1.67646312684761,0.182698241641019,-1.75836496575962,2.06262104644609,2,1,1,2,"Low","Low"
"97","Joondalup (C)","Western Australia",115.733359933115,-31.7895300389801,54.5430490909091,0.03574392,-0.66656487391229,-0.650642319883126,-0.730263952041312,-0.908384552173935,1,1,2,2,"Low","Low"
"98","Kangaroo Island (DC)","South Australia",137.227832316909,-35.9782664779156,148.660425833333,1.395998139,0.272260828143925,-0.510700274519722,0.155608931243382,0.913812800778414,3,2,4,24,"High","High"
"99","Karratha (C)","Western Australia",116.927522063493,-20.7177577018565,82.9301564814815,0.028261894,-1.00842943525537,0.78632841744148,-1.86093144967775,-0.322381286595886,2,1,2,4,"Low","Moderate"
"100","Kempsey (A)","New South Wales",152.85090470309,-31.0601425170634,104.610048636364,0.258815917,1.60490063998567,0.865193048875601,1.71375102025571,0.423748091496316,3,4,3,36,"High","High"
"101","Kiama (A)","New South Wales",150.838494777812,-34.727296352045,244.061679,0.042553191,-0.756372094090129,-0.407113545115884,0.202516108845441,-0.841306720631705,4,1,2,8,"Medium","Moderate"
"102","King Island (M)","Tasmania",144.105470657745,-39.8730108734529,118.582080638298,5.667506297,-0.252328346182272,-0.366000380843438,-0.58896445551395,1.14304384024346,3,1,4,12,"Medium-high","Moderate"
"103","Kingborough (M)","Tasmania",147.255404233819,-43.1880483624419,181.072788043478,0.277435265,-0.483486903022876,0.193013710422556,-0.0566273072756605,-0.0177870552962141,4,1,4,16,"Medium-high","Moderate"
"104","Ku-ring-gai (A)","New South Wales",151.202860116702,-33.7695102691836,199.9201576,0,-1.80531466320658,-0.829281372954404,-0.57335852784746,-2.58679161769813,4,1,1,4,"Low","Moderate"
"105","Kwinana (C)","Western Australia",115.772567510882,-32.2010200023712,53.8847627083333,0,0.561737918058016,0.5495684745124,-0.0930687126622058,-0.389133092953875,1,2,1,2,"Low","Low"
"106","Lake Macquarie (C)","New South Wales",151.546363114967,-33.0649427173324,158.824373,0.009473622,0.33270591756866,0.44433827905485,0.333548208434848,-0.256891486763481,4,2,2,16,"Medium-high","Moderate"
"107","Lane Cove (A)","New South Wales",151.16116917172,-33.8273630142917,204.306570434783,0,-1.95121092212037,-0.72652144190548,-1.39879418357236,-1.80051534700643,4,1,1,4,"Low","Moderate"
"108","Launceston (C)","Tasmania",147.127024054816,-41.4108098742762,70.5525785714286,0.080716173,0.608237369992601,0.405888936474223,0.303068369021065,0.457960436680882,2,2,3,12,"Medium-high","Moderate"
"109","Lismore (C)","New South Wales",153.399715900769,-28.9989204407258,74.3572998148148,0.016694491,0.683639072415113,0.549396723034506,0.347792692488318,0.257753994951441,2,2,2,8,"Medium","Moderate"
"110","Litchfield (M)","Northern Territory",131.020154356538,-12.576284051068,84.1176535606061,0.344708721,-0.953902540170249,-0.21208505743366,-1.69405882948775,-0.516280300476035,2,1,4,8,"Medium","Moderate"
"111","Livingstone (S)","Queensland",150.063455939441,-22.6562943456075,63.3759534259259,0.222804718,0.391294989039541,0.102655922295835,0.153756501778545,-0.129888821834279,1,2,3,6,"Medium","Moderate"
"112","Logan (C)","Queensland",153.24023735517,-27.6973164080257,51.3942975,0.007691953,0.630354046073935,0.806478668817152,-0.115863488150776,-0.329475260658876,1,2,2,4,"Low","Moderate"
"113","Lower Eyre Peninsula (DC)","South Australia",135.445468902668,-34.5379407407725,152.179158888889,2.669322709,-0.493449782983562,-0.140567855504059,-0.202424286782257,0.748967887678461,3,1,4,12,"Medium-high","Moderate"
"114","Mackay (R)","Queensland",148.839467763727,-20.9041086430993,65.273959047619,0.088268028,0.454858605516107,0.462410924493785,-0.336696927390455,-0.184480372486036,1,2,3,6,"Medium","Moderate"
"115","Maitland (C)","New South Wales",151.693998932805,-32.7911597488234,150.791086315789,0,0.469698335461279,1.00537419342622,-0.138822604768637,-0.274985520345405,3,2,1,6,"Medium","Moderate"
"116","Mallala (DC)","South Australia",138.342028856047,-34.5406948327004,148.071283529412,0.222386953,0.460579361979896,-0.128950754017877,-0.202635516140282,0.401552770093667,3,2,3,18,"Medium-high","Moderate"
"117","Mandurah (C)","Western Australia",115.648754642,-32.635569104,54.9486155769231,0.126977925,1.09853310505738,-0.072826361720449,1.12145156056575,-0.324511996334415,1,2,3,6,"Medium","Moderate"
"118","Manjimup (S)","Western Australia",116.409920572976,-34.8668466810295,88.5754364197531,0,0.290956082079538,-0.17212787082624,-0.0666148072334196,0.623924011970084,2,2,1,4,"Low","Moderate"
"119","Maribyrnong (C)","Victoria",144.906095027564,-37.8203488591125,77.2877759090909,0,-0.47698753279806,-0.662092473684534,-0.877813391658908,-0.520321160838378,2,1,1,2,"Low","Low"
"120","Marion (C)","South Australia",138.510218501183,-35.0420476198018,142.8476048,0.012051678,-0.194935496132161,-0.315215154096191,-0.129195494484661,-0.135412296014326,3,1,2,6,"Medium","Moderate"
"121","Melbourne (C)","Victoria",144.942958831785,-37.8148086072315,77.2877759090909,0,-0.906864985103395,-2.70226738587777,-0.94258963447597,-0.962682898404664,2,1,1,2,"Low","Low"
"122","Melville (C)","Western Australia",115.81489610667,-32.0286810399979,52.8239942857143,0.069050342,-0.852059093727437,-0.751073088866736,-0.32805430606723,-0.940072899992623,1,1,2,2,"Low","Low"
"123","Mid-Coast (A)","New South Wales",152.362087369037,-32.185232877795,133.267063913043,0.277233079,1.35612992313635,0.167230634768795,1.8849927271908,0.373660124573615,3,3,4,36,"High","High"
"124","Moreton Bay (R)","Queensland",153.023714065752,-27.1260277035157,43.9919042857143,0.043776994,0.349473895435634,0.544035332423881,-0.077635941058328,-0.362102757313335,1,2,2,4,"Low","Moderate"
"125","Mornington Peninsula (S)","Victoria",144.99178433418,-38.3130054475433,76.2817317391304,0.019494639,-0.135009720489633,-0.16783321895352,0.371265325837523,-0.223536763143945,2,1,2,4,"Low","Moderate"
"126","Mosman (A)","New South Wales",151.252640843001,-33.8268399236235,199.486725384615,0,-2.14820289081037,-0.826558919796566,-0.824016531547889,-2.24591562452054,4,1,1,4,"Low","Moderate"
"127","Mosman Park (T)","Western Australia",115.764243244831,-32.0223901276023,53.9441345833333,0.099255583,-1.34828411752178,-1.00381061357247,-0.46139306035518,-0.944573033665027,1,1,3,3,"Low","Low"
"128","Mount Remarkable (DC)","South Australia",137.92522561527,-32.877424358947,157.76242,0,0.603546168362005,-0.871808579491989,0.395093787915153,1.1923799442471,4,2,1,8,"Medium","Moderate"
"129","Moyne (S)","Victoria",142.376559853155,-38.350467443018,124.5042575,0.118048269,-0.403306175228767,0.010575725712447,-0.454428310828277,0.647185145951474,3,1,3,9,"Medium-high","Moderate"
"130","Murray (S)","Western Australia",115.777324437973,-32.5979787111486,53.652454375,0.110462364,1.1585973228312,0.0190193191987822,0.967838390122037,-0.227656177120251,1,2,3,6,"Medium","Moderate"
"131","Murray Bridge (RC)","South Australia",139.241945147151,-35.3207372426297,135.800797333333,0.095488183,1.15641674844321,0.248598404571833,0.763880937399406,0.608616904974269,3,3,3,27,"High","High"
"132","Nambucca (A)","New South Wales",152.91193270703,-30.703382253688,100.936527272727,0.162495938,1.60390210683288,0.419899187931068,1.92207399352701,0.520491377021344,3,4,3,36,"High","High"
"133","Nannup (S)","Western Australia",115.522000432175,-34.3977229592471,86.7529719892473,0,1.00819978886598,-0.56493843866525,0.943884149842385,0.701462517955778,2,3,1,6,"Medium","Moderate"
"134","Nedlands (C)","Western Australia",115.786731123543,-31.9921875001529,53.9441345833333,0.041190403,-1.59641472756341,-0.851830248371622,-0.45619789795909,-2.25326591387574,1,1,2,2,"Low","Low"
"135","Newcastle (C)","New South Wales",151.71274614352,-32.8702650072242,150.791086315789,0.047000926,-0.127509763349784,0.181521727555114,-0.322435162981558,-0.371760695210175,3,1,2,6,"Medium","Moderate"
"136","Noosa (S)","Queensland",153.039311647415,-26.3732115032081,44.6791342,0.059797608,0.106690290216123,-0.326089569722701,0.712161538593625,-0.45767661661114,1,2,2,4,"Low","Moderate"
"137","North Sydney (A)","New South Wales",151.216379046756,-33.8398685450972,199.9201576,0.007480178,-2.45091695811742,-1.30156807155034,-1.8832973344091,-1.97674373985435,4,1,2,8,"Medium","Moderate"
"138","Northampton (S)","Western Australia",114.179988503767,-27.682807445807,73.7549169871795,2.863436123,0.0881489558600765,-0.489172680662599,0.56686282375006,1.13593319157239,2,2,4,16,"Medium-high","Moderate"
"139","Northern Beaches (A)","New South Wales",151.271733761204,-33.7132549286718,199.486725384615,0.007789497,-1.58988067916444,-0.398486822299669,-1.02485532518767,-2.06488390350762,4,1,2,8,"Medium","Moderate"
"140","Northern Peninsula Area (R)","Queensland",142.249662637321,-10.9636539223905,74.2400386178862,0,1.31588054641286,6.39530205602371,1.25692959740779,2.51730164613568,2,4,1,8,"Medium","Moderate"
"141","Onkaparinga (C)","South Australia",138.470842242077,-35.164268732416,141.013367333333,0.016152914,0.368371137581875,0.225625114540014,0.140692891101739,0.0794347554441537,3,2,2,12,"Medium-high","Moderate"
"142","Palmerston (C)","Northern Territory",130.965761422952,-12.5311830045919,83.5365315972222,0.199156514,-0.846791064784524,1.26869551671611,-2.02197842516239,-1.07602172826362,2,1,3,6,"Medium","Moderate"
"143","Parramatta (C)","New South Wales",151.046486854585,-33.8211395744317,202.846978095238,0,-0.875244218304201,-0.769376668432172,-0.539803093043965,-1.10083579309334,4,1,1,4,"Low","Moderate"
"144","Perth (C)","Western Australia",115.850638151431,-31.9599688049163,53.913655,0.02629503,-1.05755217390423,-2.96895738776886,-1.26982038991269,-0.91571179285499,1,1,2,2,"Low","Low"
"145","Playford (C)","South Australia",138.515624999594,-34.7307478187567,146.155201111111,0.009304057,1.76114211149417,1.28326827798939,0.934653098263504,0.35842998949971,3,4,2,24,"High","High"
"146","Port Adelaide Enfield (C)","South Australia",138.557035207709,-34.8228389025931,146.516611578947,0.013556696,0.476763574598251,-0.167583423394524,0.30060837958262,0.0887201859801052,3,2,2,12,"Medium-high","Moderate"
"147","Port Augusta (C)","South Australia",137.765080809632,-32.5969284774672,158.676083333333,0.095219958,1.1686966096375,1.15881025657591,0.602590397691191,0.749567100476733,4,3,3,36,"High","High"
"148","Port Hedland (T)","Western Australia",118.579838752457,-20.3547954555458,74.72971,0,-0.877325343099073,0.974472484426616,-1.83627777485045,-0.289249145290775,2,1,1,2,"Low","Low"
"149","Port Lincoln (C)","South Australia",135.853988408939,-34.7169363500325,155.488676923077,3.943894389,0.433137853408486,0.528863250719464,0.25645494643082,0.499455661803326,4,2,4,32,"High","High"
"150","Port Macquarie-Hastings (A)","New South Wales",152.762820005439,-31.4410611390602,112.155714583333,0.098878243,0.686517982394555,0.0937184176048528,1.11513341828269,-0.106568037119878,3,2,3,18,"Medium-high","Moderate"
"151","Port Phillip (C)","Victoria",144.960510373156,-37.8542517426237,77.2877759090909,0,-1.87273154755475,-1.28982677382627,-1.64590411615445,-0.935940288508202,2,1,1,2,"Low","Low"
"152","Port Pirie City and Dists (M)","South Australia",137.915226459934,-33.4563211202234,155.033527142857,0.124069479,1.57451169735211,0.428094817879499,1.17243711124265,0.91956664074935,4,4,3,48,"High","High"
"153","Port Stephens (A)","New South Wales",151.929689645661,-32.7344683405414,154.738175833333,0.183210582,0.613982895139011,0.263480958923624,0.778874736397256,-0.142939974979934,4,2,3,24,"High","High"
"154","Queenscliffe (B)","Victoria",144.64850535,-38.2666063189999,79.4049683333333,0,-1.22346477948633,-1.07191735560122,1.52812159248438,-0.0873559761023656,2,1,1,2,"Low","Low"
"155","Randwick (C)","New South Wales",151.258803844822,-33.9470727440119,209.660667241379,0.005918473,-1.30864944907087,-1.01216616592256,-0.971235596207856,-1.87671196302599,4,1,1,4,"Low","Moderate"
"156","Ravensthorpe (S)","Western Australia",120.050517201309,-33.9219906332611,78.0764113636364,0,-0.173544213236895,-0.524575603267632,-0.278940696766115,0.829121108681089,2,1,1,2,"Low","Low"
"157","Redland (C)","Queensland",153.360837006,-27.5803479969999,50.7174905555556,0.064822818,-0.0794120918613172,0.0222579882627369,-0.337398755348221,-0.686010767295755,1,1,2,2,"Low","Low"
"158","Richmond Valley (A)","New South Wales",153.397055029866,-29.0039062497736,74.8421151923077,0.184320472,1.21682260180599,0.743701672545102,1.15369670500027,0.467864926127747,2,3,3,18,"Medium-high","Moderate"
"159","Robe (DC)","South Australia",139.849320054377,-37.3218890426451,142.25579020202,2.526002972,-0.268396740178892,-1.06322105519604,-0.00271689644406167,0.689513699139354,3,1,4,12,"Medium-high","Moderate"
"160","Rockdale (C)","New South Wales",151.157252550465,-33.9601184130342,210.504665185185,0.007715008,-0.54717168866325,-0.900987608493726,-0.557295921044759,-1.17548010969666,4,1,2,8,"Medium","Moderate"
"161","Rockhampton (R)","Queensland",150.357842445273,-23.2653163674563,50.161952,0.032381513,0.624822688692021,0.912509423259537,-0.0863057138271477,0.152380963465352,1,2,2,4,"Low","Moderate"
"162","Rockingham (C)","Western Australia",115.743948102124,-32.3437499995628,53.7858232,0.02024217,0.620032112334991,0.2966452550411,-0.124587865790446,-0.558240017346708,1,2,2,4,"Low","Moderate"
"163","Roper Gulf (R)","Northern Territory",135.410347819097,-15.3401745557112,103.524454545455,0.814211695,3.18696117509873,4.30955599059284,2.64149617126763,2.31685320453709,3,4,4,48,"High","High"
"164","Ryde (C)","New South Wales",151.09894001527,-33.8236669301847,202.846978095238,0.007078518,-1.14740576614592,-1.0327309119338,-0.71910066634603,-1.20408509593311,4,1,1,4,"Low","Moderate"
"165","Salisbury (C)","South Australia",138.56173860985,-34.8039568664162,146.516611578947,0.014111338,1.0013276971752,0.266621090673585,0.407248329268169,0.194835448430078,3,2,2,12,"Medium-high","Moderate"
"166","Shark Bay (S)","Western Australia",114.219786405518,-26.3595088722365,112.640238650794,2.403846154,-0.0642197592374187,-0.4022312685486,0.0461768560064834,1.38377364158179,3,2,4,24,"High","High"
"167","Shellharbour (C)","New South Wales",150.799141049421,-34.5587742329444,240.175705681818,0,0.603386234439744,0.545031435010409,0.211979942893011,-0.417087446714806,4,2,1,8,"Medium","Moderate"
"168","Shoalhaven (C)","New South Wales",150.452043056242,-35.2278225425763,254.077967916667,0.16448744,0.742003555906277,0.103770600746973,1.2966518433208,0.118026200726838,4,3,3,36,"High","High"
"169","Sorell (M)","Tasmania",147.67882657029,-42.8651255371137,172.400282391304,0.223677904,0.68271635219439,0.507224087951625,0.267387017424754,0.30824213403791,4,2,3,24,"High","High"
"170","South Gippsland (S)","Victoria",146.189443945982,-38.7334249018377,62.2744068965517,0.191810525,0.17054151188861,-0.130575425616585,0.434921373075928,0.515003427337923,1,2,3,6,"Medium","Moderate"
"171","South Perth (C)","Western Australia",115.854439616295,-31.9981478451468,53.5374502272727,0.058224163,-0.950297178116419,-1.11064287800665,-0.690458769567662,-0.862243363432471,1,1,2,2,"Low","Low"
"172","Stirling (C)","Western Australia",115.755214214265,-31.8930490014102,54.607732826087,0.008786488,-0.647416504817352,-0.653914735854106,-0.56736736715972,-0.606966493792597,1,1,2,2,"Low","Low"
"173","Streaky Bay (DC)","South Australia",134.293135523986,-32.6698324678941,132.206017391304,2.378490176,-0.56548339111993,-0.0157956715672788,-0.435153589739836,1.07641366764769,3,2,4,24,"High","High"
"174","Subiaco (C)","Western Australia",115.8219908475,-31.9773612022576,53.913655,0.032819166,-1.20084324227223,-1.28407629388945,-0.628719735267105,-1.19377131945772,1,1,2,2,"Low","Low"
"175","Sunshine Coast (R)","Queensland",153.043987512314,-26.6273231509427,43.9466904,0.090473739,0.141191679087504,-0.00571350288309045,0.283761414185658,-0.457567645522782,1,1,3,3,"Low","Low"
"176","Surf Coast (S)","Victoria",144.131068348926,-38.4385037418542,86.8072664,0.035878301,-0.992933534262857,-0.0598595051053092,-0.405880962322135,-0.523799697820743,2,1,2,4,"Low","Moderate"
"177","Sutherland Shire (A)","New South Wales",151.086453318966,-34.0676263570707,218.828533333333,0.00626701,-1.12774005990143,-0.0773203622878859,-0.908668393876431,-1.31586425563418,4,1,1,4,"Low","Moderate"
"178","Sydney (C)","New South Wales",151.200389504572,-33.8730168344594,204.180275,0.008635579,-1.75194888034134,-2.39986773170527,-1.78421266581884,-1.82546169709372,4,1,2,8,"Medium","Moderate"
"179","Tasman (M)","Tasmania",147.834396361903,-43.0585087540756,187.080397258065,3.057324841,1.05582615464381,-0.689094055491456,1.74621323018093,0.9920095600217,4,3,4,48,"High","High"
"180","The Coorong (DC)","South Australia",139.516993045393,-35.9613862040101,127.736584294872,0.483091787,0.552216569270905,0.116642852960262,0.426417041387981,1.17946888809649,3,3,4,36,"High","High"
"181","The Hills Shire (A)","New South Wales",150.8745547536,-33.5005186798931,179.521645,0,-1.35377957084115,-0.538040820264572,-1.12209933137736,-1.84148047438628,4,1,1,4,"Low","Moderate"
"182","Torres (S)","Queensland",142.412496566963,-10.7291698452121,70.3492919047619,1.5625,-0.0217660549886654,3.69942834643424,-0.617003616688842,0.259198416078824,2,3,4,24,"High","High"
"183","Townsville (C)","Queensland",146.821634650419,-19.2903200392383,71.8388692028986,0.047910069,0.280263950232165,0.643438039730242,-0.564725956187946,-0.144140766571484,2,2,2,8,"Medium","Moderate"
"184","Tumby Bay (DC)","South Australia",136.128129958732,-34.3454624414385,156.004294482759,0,0.115447665737338,-0.377386741010602,0.688984001754331,0.863238959527042,4,2,1,8,"Medium","Moderate"
"185","Tweed (A)","New South Wales",153.437570333404,-28.3007812500546,62.8834396153846,0.076647931,0.63456915736882,0.208383762539278,0.968996505938921,-0.193367779460584,1,2,2,4,"Low","Moderate"
"186","Victor Harbor (C)","South Australia",138.612633466661,-35.5634776357843,135.518505714286,0.173913043,0.8039468300146,-0.741627616363428,2.24265887962451,0.327590895211137,3,3,3,27,"High","High"
"187","Victoria Park (T)","Western Australia",115.888227343418,-31.9663362505175,52.4492183333333,0.017314019,-0.617550716956303,-1.18065379059423,-0.809368480522067,-0.61055390073759,1,1,2,2,"Low","Low"
"188","Vincent (C)","Western Australia",115.881714939693,-31.9421179295988,52.4492183333333,0.026822595,-1.49629132289638,-1.14104029864384,-1.43522628259711,-0.997512707834559,1,1,2,2,"Low","Low"
"189","Wagait (S)","Northern Territory",130.768130779013,-12.4428253177342,81.215657037037,0,-0.0817486822220902,-0.0991277044961616,-0.328725558849205,-0.230740553550091,2,1,1,2,"Low","Low"
"190","Wanneroo (C)","Western Australia",115.685653448149,-31.653321147353,55.347912173913,0.057925583,0.0610499242822544,0.0982044130287357,-0.64497833115265,-0.74014974355982,1,1,2,2,"Low","Low"
"191","Waratah/Wynyard (M)","Tasmania",145.731199979496,-40.9876774549506,80.6038851851852,0.151515152,1.13493158590916,0.300673564870237,0.954662472225282,0.675982100223927,2,3,3,18,"Medium-high","Moderate"
"192","Waroona (S)","Western Australia",115.653947949239,-32.8963748218405,58.1079829333333,0,0.95186552900049,-0.193837468838808,0.711020151633504,0.0573007699710262,1,2,1,2,"Low","Low"
"193","Warrnambool (C)","Victoria",142.498219847269,-38.3966634275751,124.502810714286,0.077911959,0.123778575100018,0.279948291163104,-0.121728414193213,0.265101355096388,3,2,3,18,"Medium-high","Moderate"
"194","Wattle Range (DC)","South Australia",140.261671304787,-37.7018659116825,148.910393763441,1.144808194,0.298225380551799,-0.0731579452598568,0.382199751740557,1.06255082166567,3,2,4,24,"High","High"
"195","Waverley (A)","New South Wales",151.274616002926,-33.8936916592426,204.285024333333,0,-2.24068489623917,-1.06435052391833,-1.70671710311939,-2.46340612856917,4,1,1,4,"Low","Moderate"
"196","Weipa (T)","Queensland",141.873664260198,-12.627045631051,87.2425831746032,0,-2.04973700241445,1.10224531328325,-2.80844019054844,-0.820544337368743,2,1,1,2,"Low","Low"
"197","Wellington (S)","Victoria",147.26522994051,-38.3203125003215,63.0178030769231,0.084750551,0.534196921123348,-0.0349660895403798,0.398148018888213,0.544711780942509,1,2,3,6,"Medium","Moderate"
"198","West Arnhem (R)","Northern Territory",132.931339144586,-12.2793245318015,86.3091365277778,0,2.76404532170868,3.82355065805973,2.7231616553131,0.371745833784637,2,4,1,8,"Medium","Moderate"
"199","West Coast (M)","Tasmania",145.556928158208,-42.3575891258374,170.518515555556,0.733333333,2.03810194664521,0.456855437566638,1.36879674967424,1.3391730108686,4,4,4,64,"High","High"
"200","West Tamar (M)","Tasmania",146.916719437054,-41.2217866182579,72.3260380952381,0.153767299,0.244247213634397,-0.165591949719365,0.344494521081349,0.363706932437923,2,2,3,12,"Medium-high","Moderate"
"201","Whitsunday (R)","Queensland",147.916258335554,-19.9141240116137,69.435524,0.200258398,0.0779375657067489,-0.0117380212061963,-0.613532313760178,0.196856125539594,2,1,3,6,"Medium","Moderate"
"202","Whyalla (C)","South Australia",137.526403307967,-33.0968500375991,154.969303333333,0.121654501,1.53355128078919,0.454792179754874,0.90431448123077,0.738610500583485,4,3,3,36,"High","High"
"203","Willoughby (C)","New South Wales",151.217934846916,-33.7912621499282,199.486725384615,0,-1.66906451409365,-0.699901319119057,-0.887751749307681,-2.26530618226795,4,1,1,4,"Low","Moderate"
"204","Wollongong (C)","New South Wales",150.903893232387,-34.4009512663877,233.845177916667,0.030919689,0.149423684672726,0.0172467261696361,0.129508115723843,-0.428480518296388,4,1,2,8,"Medium","Moderate"
"205","Woollahra (A)","New South Wales",151.260675906868,-33.8721357587583,200.015348148148,0,-2.44712658047031,-0.988719527977911,-1.21831782590622,-2.73929017495415,4,1,1,4,"Low","Moderate"
"206","Wyndham (C)","Victoria",144.675124406466,-37.972396016163,78.2887473333333,0.007230285,-0.0497630077843093,0.362196996185457,-0.565854986834033,-0.272929518896698,2,1,2,4,"Low","Moderate"
"207","Wyndham-East Kimberley (S)","Western Australia",127.763442754979,-15.5674039125605,93.16461,0.219504547,-0.320194995629703,1.97612068958475,-1.06632075476446,1.03953912496741,3,2,3,18,"Medium-high","Moderate"
"208","Yankalilla (DC)","South Australia",138.293665409132,-35.4690866473308,139.97220097561,0.307219662,0.55004910202202,-0.74308992797314,1.49114765518264,0.467597198209504,3,2,4,24,"High","High"
"209","Yorke Peninsula (DC)","South Australia",137.505330443246,-34.650720119438,150.568494634146,1.273090364,0.444944304898,-0.73816491763919,1.48741310232278,0.968550701958172,3,3,4,36,"High","High"
