"","fid","LGA_CODE16","LGA_NAME16","STE_CODE16","STE_NAME16","AREASQKM16","Xcentroid","Ycentroid","HubName","HubDist","vertex_index","vertex_part","vertex_part_index","distance","angle","xcoord","ycoord"
"1",1,10250,"Ballina (A)",1,"New South Wales",484.9389,153.486147368124,-28.8528863578048,8323,3625.18236058429,1,0,1,0.03615074979656,116.132437164367,153.518602729233,-28.8688088653368
"2",2,10550,"Bega Valley (A)",1,"New South Wales",6278.8811,149.717569542282,-36.8259429950978,8323,15957.5288593597,1,0,1,0.17237983080655,112.091558680792,149.877293943961,-36.8907729386202
"3",3,10600,"Bellingen (A)",1,"New South Wales",1600.4337,152.7285906561,-30.4038023387787,8323,26850.2467003247,1,0,1,0.27767553597243,101.491980225017,153.000699519767,-30.4591238498858
"4",4,11100,"Botany Bay (C)",1,"New South Wales",21.6826,151.201597033182,-33.9423189154455,8323,1534.20504936672,1,0,1,0.01448184327502,212.421174226485,151.193832755278,-33.9545434716039
"5",5,11350,"Byron (A)",1,"New South Wales",565.8029,153.48250524813,-28.6041665972679,8323,8440.2327748384,1,0,1,0.08539135249248,74.2011272741765,153.564670801417,-28.5809178352898
"6",6,11520,"Canada Bay (A)",1,"New South Wales",19.9233,151.114825218656,-33.8534983160843,8323,110.806007698709,1,0,1,0.00100064621808,353.983989763976,151.114720344569,-33.8525031807772
"7",7,11650,"Central Coast (C) (NSW)",1,"New South Wales",1681.0695,151.285487621674,-33.3079897580865,8323,14030.2421449236,1,0,1,0.12790758122311,164.219608475807,151.320272207197,-33.4310766458705
"8",8,11730,"Clarence Valley (A)",1,"New South Wales",10428.6803,152.75115199511,-29.6817380805878,8323,10074.3029402483,1,0,1,0.10136339844368,65.3941546938196,152.843310951839,-29.6395330425159
"9",9,11800,"Coffs Harbour (C)",1,"New South Wales",1173.7437,153.039834566091,-30.1890386353588,8323,11328.81358463,1,0,1,0.11744755747872,95.8295291575038,153.156674742846,-30.2009676694223
"10",10,12750,"Eurobodalla (A)",1,"New South Wales",3428.1695,149.947049392371,-35.9451565075518,8323,12003.7726422409,1,0,1,0.12850661481986,68.0967498131346,150.066279769296,-35.8972183466493
"11",11,12930,"Georges River (A)",1,"New South Wales",38.3459,151.086364158472,-33.9710383092559,8323,3744.8238058496,1,0,1,0.03794456054743,124.395662435329,151.117674350392,-33.9924733636547
"12",12,13800,"Hawkesbury (C)",1,"New South Wales",2775.1377,150.77324198425,-33.3347788438714,8323,15320.8914433266,1,0,1,0.15067639793012,132.791989191814,150.883812069872,-33.4371391538488
"13",13,14000,"Hornsby (A)",1,"New South Wales",455.0375,151.08941419988,-33.5839304411795,8323,1963.97416878961,1,0,1,0.02097324864283,101.691277059956,151.109952330636,-33.5881804227883
"14",14,14100,"Hunters Hill (A)",1,"New South Wales",5.7169,151.145128970036,-33.8333518368713,8323,412.753778550313,1,0,1,0.00413950440697,232.657749059085,151.141837954758,-33.8358627560612
"15",15,14170,"Inner West (A)",1,"New South Wales",35.3713,151.154974029127,-33.8915043892315,8323,2210.77184067227,1,0,1,0.0200771638356,347.397625379455,151.150593519476,-33.8719109300453
"16",16,14350,"Kempsey (A)",1,"New South Wales",3375.6707,152.644733120418,-30.9515465960927,8323,23078.5628622769,1,0,1,0.2330231652716,117.776939855661,152.85090470309,-31.0601425170634
"17",17,14400,"Kiama (A)",1,"New South Wales",257.6636,150.756224255936,-34.6788706513031,8323,9255.87790249361,1,0,1,0.09546458642931,120.481724497077,150.838494777812,-34.727296352045
"18",18,14500,"Ku-ring-gai (A)",1,"New South Wales",85.4096,151.150908266204,-33.734610203596,8323,6176.9220854396,1,0,1,0.06258601559596,123.892303320711,151.202860116702,-33.7695102691836
"19",19,14650,"Lake Macquarie (C)",1,"New South Wales",648.6398,151.530182064596,-33.0388570974722,8323,3263.99110450003,1,0,1,0.03069667660496,148.188450177831,151.546363114967,-33.0649427173324
"20",20,14700,"Lane Cove (A)",1,"New South Wales",10.4794,151.166895320844,-33.8199935112887,8323,974.25871967997,1,0,1,0.00933265012202,217.847426330911,151.16116917172,-33.8273630142917
"21",22,15050,"Maitland (C)",1,"New South Wales",391.5087,151.549755674096,-32.7108137361844,8323,16190.2395839894,1,0,1,0.1651108701149,119.118570098458,151.693998932805,-32.7911597488234
"22",23,15240,"Mid-Coast (A)",1,"New South Wales",10053.2455,152.095718819418,-32.0153345001659,8323,31417.90789986,1,0,1,0.31593933428337,122.531032886397,152.362087369037,-32.185232877795
"23",24,15350,"Mosman (A)",1,"New South Wales",8.6503,151.244635124296,-33.8290817020986,8323,781.697378427182,1,0,1,0.00831366963033,74.3565773031681,151.252640843001,-33.8268399236235
"24",25,15700,"Nambucca (A)",1,"New South Wales",1491.3432,152.768937907741,-30.6875566475472,8323,13811.707077057,1,0,1,0.14386786449172,96.3153720845641,152.91193270703,-30.703382253688
"25",26,15900,"Newcastle (C)",1,"New South Wales",186.7549,151.695707180152,-32.8800575650558,8323,1929.28277194347,1,0,1,0.01965249250223,60.1133462969782,151.71274614352,-32.8702650072242
"26",27,15950,"North Sydney (A)",1,"New South Wales",10.4857,151.211872804506,-33.8329519012126,8323,873.245139072427,1,0,1,0.00825507006917,146.915472949766,151.216379046756,-33.8398685450972
"27",28,15990,"Northern Beaches (A)",1,"New South Wales",254.2074,151.249670335107,-33.6902367197696,8323,3271.40989649875,1,0,1,0.03188467833036,136.213284477401,151.271733761204,-33.7132549286718
"28",29,16260,"Parramatta (C)",1,"New South Wales",83.8294,151.029307705889,-33.7993428713949,8323,2893.98767100543,1,0,1,0.02775282712061,141.756463205987,151.046486854585,-33.8211395744317
"29",30,16380,"Port Macquarie-Hastings (A)",1,"New South Wales",3683.0099,152.531244728211,-31.4098109828776,8323,22288.5949943546,1,0,1,0.2336743060004,97.685408868141,152.762820005439,-31.4410611390602
"30",31,16400,"Port Stephens (A)",1,"New South Wales",858.4357,151.844722121771,-32.7217951569538,8323,8087.80276085555,1,0,1,0.08590744844492,98.4833129243412,151.929689645661,-32.7344683405414
"31",32,16550,"Randwick (C)",1,"New South Wales",36.3311,151.240209525599,-33.943238930021,8323,1770.75639605725,1,0,1,0.01898543750077,101.650103588392,151.258803844822,-33.9470727440119
"32",34,16650,"Rockdale (C)",1,"New South Wales",28.2078,151.139874894421,-33.954861935736,8323,1708.78063100285,1,0,1,0.01815526048239,106.829769560699,151.157252550465,-33.9601184130342
"33",35,16700,"Ryde (C)",1,"New South Wales",40.4748,151.110562339771,-33.7991387792799,8323,2925.72129563863,1,0,1,0.02714237671256,205.353285491807,151.09894001527,-33.8236669301847
"34",36,16900,"Shellharbour (C)",1,"New South Wales",147.4211,150.773868469452,-34.5826923391042,8323,3523.93200987534,1,0,1,0.03479625124285,46.5772503817851,150.799141049421,-34.5587742329444
"35",37,16950,"Shoalhaven (C)",1,"New South Wales",4566.6795,150.373286148567,-35.0944182289312,8323,16448.0174624118,1,0,1,0.15491727278011,149.44398979927,150.452043056242,-35.2278225425763
"36",38,17150,"Sutherland Shire (A)",1,"New South Wales",333.5933,151.051012714493,-34.0751375332549,8323,3375.86003230944,1,0,1,0.03622780994064,78.0339668231753,151.086453318966,-34.0676263570707
"37",39,17200,"Sydney (C)",1,"New South Wales",26.7429,151.202740125363,-33.8893632697121,8323,1826.14492370618,1,0,1,0.01651458033296,351.816951667405,151.200389504572,-33.8730168344594
"38",41,17550,"Tweed (A)",1,"New South Wales",1307.6562,153.356268337149,-28.3600007011733,8323,10326.3438673044,1,0,1,0.10058308996049,53.9308302024656,153.437570333404,-28.3007812500546
"39",42,18050,"Waverley (A)",1,"New South Wales",9.3507,151.266846053922,-33.890050950219,8323,824.41220078828,1,0,1,0.00858061010201,115.106040439994,151.274616002926,-33.8936916592426
"40",43,18250,"Willoughby (C)",1,"New South Wales",22.4258,151.196370544646,-33.8010983996038,8323,2275.56120416738,1,0,1,0.02370170753488,65.480574451458,151.217934846916,-33.7912621499282
"41",44,18450,"Wollongong (C)",1,"New South Wales",683.986,150.837116165183,-34.368793386416,8323,7102.10597930544,1,0,1,0.0741168398456,115.714104130439,150.903893232387,-34.4009512663877
"42",45,18500,"Woollahra (A)",1,"New South Wales",12.2775,151.257392342104,-33.8716749929923,8323,308.074886241865,1,0,1,0.00331573561205,97.987864884748,151.260675906868,-33.8721357587583
"43",47,20740,"Bass Coast (S)",2,"Victoria",865.8095,145.558055656236,-38.5072886170397,8323,8751.3020255313,1,0,1,0.0860632369332,220.393694569117,145.502283572729,-38.5728352069792
"44",48,20910,"Bayside (C)",2,"Victoria",37.2111,145.018153946327,-37.9418390628122,8323,1845.59339176268,1,0,1,0.01838160948645,224.272186309949,145.005322337057,-37.9550008776884
"45",49,21450,"Cardinia (S)",2,"Victoria",1282.5678,145.572685322069,-38.0830137873987,8323,18451.0548452524,1,0,1,0.17438558130233,209.513354843991,145.48677837842,-38.2347712517918
"46",50,21610,"Casey (C)",2,"Victoria",409.4289,145.309010949477,-38.1043501651597,8323,12161.3073397899,1,0,1,0.10959579608979,182.324968539678,145.304564952611,-38.2138557432479
"47",51,21750,"Colac-Otway (S)",2,"Victoria",3437.4701,143.595181767852,-38.451960911534,8323,31939.5430861923,1,0,1,0.29649049588215,157.075246816765,143.710671305737,-38.7250337603997
"48",52,21830,"Corangamite (S)",2,"Victoria",4407.4921,143.198651198392,-38.2043233100091,8323,49365.2157245116,1,0,1,0.4584884983559,203.211586161905,143.017948150787,-38.6256997589366
"49",53,22110,"East Gippsland (S)",2,"Victoria",20940.2326,148.291666600353,-37.3780172341318,8323,46449.6518775506,1,0,1,0.42953042386958,201.823947528446,148.131986141348,-37.7767634391813
"50",54,22170,"Frankston (C)",2,"Victoria",129.598,145.173798811419,-38.1346081954952,8323,4568.32543632984,1,0,1,0.05159815986463,280.415217202171,145.123050809048,-38.1252802612749
"51",55,22410,"Glenelg (S)",2,"Victoria",6218.5734,141.385728186092,-37.8704985351446,8323,35482.6133635745,1,0,1,0.3382662228579,212.31788298907,141.204885602389,-38.1563656326678
"52",56,22750,"Greater Geelong (C)",2,"Victoria",1247.9876,144.417162374571,-38.0689586640845,8323,736.77740816593,1,0,1,0.00667753009368,349.749907606931,144.415974140595,-38.0623877046287
"53",57,23110,"Hobsons Bay (C)",2,"Victoria",64.2404,144.829757670576,-37.8547206220697,8323,1831.43097327578,1,0,1,0.01669276340341,194.385225433157,144.825610518511,-37.8708900215572
"54",58,23430,"Kingston (C) (Vic.)",2,"Victoria",91.3677,145.105072279396,-37.9885835324675,8323,3042.95646989324,1,0,1,0.02953500201641,217.479867398288,145.087100743905,-38.0120215412611
"55",60,24600,"Melbourne (C)",2,"Victoria",37.3513,144.943904866658,-37.8104980853538,8323,485.635552814663,1,0,1,0.00441311464154,192.378509246347,144.942958831785,-37.8148086072315
"56",61,25340,"Mornington Peninsula (S)",2,"Victoria",724.1679,145.035331715768,-38.3416873355635,8323,4963.44423391415,1,0,1,0.05214427239438,303.370352447768,144.99178433418,-38.3130054475433
"57",62,25490,"Moyne (S)",2,"Victoria",5481.6861,142.490035667656,-38.1224542848782,8323,27189.6880978579,1,0,1,0.2546895379899,206.458254264951,142.376559853155,-38.350467443018
"58",63,25900,"Port Phillip (C)",2,"Victoria",20.7092,144.96579723928,-37.8518157856686,8323,538.137506888678,1,0,1,0.00582106860452,245.26181437945,144.960510373156,-37.8542517426237
"59",65,26170,"South Gippsland (S)",2,"Victoria",3296.3307,146.075991881672,-38.6213771016093,8323,15880.0844051921,1,0,1,0.15945557510516,134.643204374831,146.189443945982,-38.7334249018377
"60",66,26490,"Surf Coast (S)",2,"Victoria",1552.944,144.053122052627,-38.3123017917381,8323,15576.9184479457,1,0,1,0.14833259021467,148.299216756341,144.131068348926,-38.4385037418542
"61",67,26730,"Warrnambool (C)",2,"Victoria",120.9488,142.511813875198,-38.3714438509128,8323,3041.01192395646,1,0,1,0.02865003738832,208.325857665645,142.498219847269,-38.3966634275751
"62",68,26810,"Wellington (S)",2,"Victoria",10817.3346,146.919347713138,-37.8943505511399,8323,56175.8582654736,1,0,1,0.54870583864425,140.923310312864,147.26522994051,-38.3203125003215
"63",69,27260,"Wyndham (C)",2,"Victoria",542.0949,144.618252383237,-37.8866470002107,8323,10751.1361366032,1,0,1,0.10289470716704,146.446142259877,144.675124406466,-37.972396016163
"64",70,29399,"Unincorporated Vic",2,"Victoria",283.0142,145.892789945069,-37.8991101166205,8323,51551.0668445989,1,0,1,0.52679577629035,230.41850739928,145.490033143,-38.339157954
"65",71,30250,"Aurukun (S)",3,"Queensland",7423.989,141.828446588357,-13.6093769476454,8323,14870.9784029444,1,0,1,0.13711685006549,287.943021945207,141.697998642624,-13.5671352144186
"66",72,31000,"Brisbane (C)",3,"Queensland",1342.7188,153.039003292115,-27.4378409947407,8323,915.839359541738,1,0,1,0.00889351936858,125.150417124242,153.046275019777,-27.4429612157874
"67",73,31820,"Bundaberg (R)",3,"Queensland",6432.6598,152.035901177738,-24.9678726294428,8323,14625.9059729231,1,0,1,0.14446324196328,80.8803228509862,152.178538322286,-24.9449756149327
"68",74,31900,"Burdekin (S)",3,"Queensland",5043.9317,147.243105411106,-19.8235827699619,8323,18453.7580952783,1,0,1,0.16986998423326,36.684078293852,147.344586134044,-19.6873569485643
"69",75,31950,"Burke (S)",3,"Queensland",39684.0526,138.947684085282,-18.0313315152091,8323,80314.308276869,1,0,1,0.74526289229897,52.5465762872047,139.539309501633,-17.5781250000685
"70",77,32250,"Carpentaria (S)",3,"Queensland",64121.0124,141.364745916653,-17.4443971208353,8323,48974.1680930105,1,0,1,0.46021800555032,257.541307087541,140.91536521933,-17.5436825754905
"71",78,32260,"Cassowary Coast (R)",3,"Queensland",4687.824,145.925972367773,-17.9595513916004,8323,12781.5698314634,1,0,1,0.11919133617191,121.526527057559,146.02757084392,-18.0218757388741
"72",79,32500,"Cook (S)",3,"Queensland",105719.7397,143.259666372577,-14.2359419571574,8323,47636.5424567289,1,0,1,0.44122684836564,83.9911965622132,143.698469042513,-14.1897537706199
"73",80,32770,"Doomadgee (S)",3,"Queensland",1827.6518,138.780953225433,-17.5965286940305,8323,57032.1277869501,1,0,1,0.52898013275167,53.6440662716155,139.206967353461,-17.2829494479586
"74",81,32810,"Douglas (S)",3,"Queensland",2427.8626,145.286696788868,-16.2220408233204,8323,7285.01997323324,1,0,1,0.0675654487062,119.372516542687,145.345576644147,-16.2551807162169
"75",82,33220,"Fraser Coast (R)",3,"Queensland",7102.9419,152.676755288243,-25.5279832096179,8323,656.880893141653,1,0,1,0.00593146768457,183.464523897877,152.676396846638,-25.5339038369925
"76",83,33360,"Gladstone (R)",3,"Queensland",10484.2862,151.307030829273,-24.1763231993894,8323,16996.8573302939,1,0,1,0.16278454689415,57.1383178040528,151.443767070994,-24.0879942182584
"77",84,33430,"Gold Coast (C)",3,"Queensland",1333.7031,153.31847701873,-27.9805578454653,8323,7291.22372654875,1,0,1,0.06707697247436,25.040707776338,153.34686815714,-27.9197856191109
"78",86,33800,"Hinchinbrook (S)",3,"Queensland",2807.1889,146.047608840078,-18.6618949675801,8323,21108.5266400408,1,0,1,0.19870025566312,68.5048626842879,146.232489228596,-18.589086770638
"79",87,33830,"Hope Vale (S)",3,"Queensland",1111.7099,145.191566433233,-15.1677503940958,8323,4731.32667491691,1,0,1,0.0440252945923,91.5925403642777,145.235574722696,-15.1689739228083
"80",89,34420,"Kowanyama (S)",3,"Queensland",2555.3325,141.810563553768,-15.3195278540359,8323,5578.68255913174,1,0,1,0.05048881966129,347.164028992254,141.799346924022,-15.2703007463823
"81",90,34530,"Livingstone (S)",3,"Queensland",11757.8683,150.193474390913,-22.7959842554917,8323,20437.6234601039,1,0,1,0.19083518712941,317.053686491015,150.063455939441,-22.6562943456075
"82",91,34570,"Lockhart River (S)",3,"Queensland",3574.5183,143.240247122627,-13.0054831802476,8323,15205.2428184217,1,0,1,0.13929869715221,56.4136589883983,143.356290340028,-12.9284241202769
"83",92,34590,"Logan (C)",3,"Queensland",958.1322,153.040207026872,-27.7623960850254,8323,21001.2938941591,1,0,1,0.21035088922427,71.9777518292388,153.24023735517,-27.6973164080257
"84",93,34770,"Mackay (R)",3,"Queensland",7613.2964,148.804242954668,-21.1390918632903,8323,26273.1425946678,1,0,1,0.23760871394907,8.52535861240534,148.839467763727,-20.9041086430993
"85",94,34830,"Mapoon (S)",3,"Queensland",537.1003,141.919804197811,-12.1417617482079,8323,1630.47261298692,1,0,1,0.01487845221745,49.9504032307536,141.931193470603,-12.1321882010245
"86",95,35010,"Moreton Bay (R)",3,"Queensland",2041.4746,152.883120098686,-27.1179930579243,8323,13967.9469442054,1,0,1,0.14082336136124,93.2707741383688,153.023714065752,-27.1260277035157
"87",96,35250,"Mornington (S)",3,"Queensland",1247.6932,139.401311956462,-16.6318332611905,8323,998.871496372968,1,0,1,0.00902689227643,182.939119505208,139.400849104203,-16.6408482793245
"88",97,35670,"Napranum (S)",3,"Queensland",2004.3545,142.112438184003,-12.5157677694871,8323,5649.25822041855,1,0,1,0.05194265837535,259.062040994745,142.061439156493,-12.5256236789896
"89",98,35740,"Noosa (S)",3,"Queensland",869.8657,152.945575965065,-26.3248542104059,8323,10782.0384921901,1,0,1,0.10547419548297,117.288752482085,153.039311647415,-26.3732115032081
"90",99,35780,"Northern Peninsula Area (R)",3,"Queensland",1052.0676,142.312890213049,-11.0049161896381,8323,8281.60506134659,1,0,1,0.07550033795168,303.128435631458,142.249662637321,-10.9636539223905
"91",100,35790,"Palm Island (S)",3,"Queensland",71.9928,146.600252395121,-18.7313609304384,8323,2318.03002762441,1,0,1,0.02132401054437,321.623744209494,146.587013959927,-18.7146439552543
"92",101,36070,"Pormpuraaw (S)",3,"Queensland",4395.3657,141.807397518395,-14.7194066782586,8323,25636.7196828498,1,0,1,0.23804358954256,266.40469016976,141.569822430761,-14.7343341113302
"93",103,36370,"Rockhampton (R)",3,"Queensland",6570.2667,150.218420658585,-23.4411435877279,8323,24133.5956756706,1,0,1,0.22439618087605,38.4125762935637,150.357842445273,-23.2653163674563
"94",104,36720,"Sunshine Coast (R)",3,"Queensland",2253.8526,152.898351905846,-26.6961814149962,8323,16382.9344176898,1,0,1,0.16109373172142,64.6946531400029,153.043987512314,-26.6273231509427
"95",105,36950,"Torres (S)",3,"Queensland",883.731,142.41227811591,-10.731163172044,8323,221.778474721655,1,0,1,0.00200526126004,6.25415421637996,142.412496566963,-10.7291698452121
"96",106,36960,"Torres Strait Island (R)",3,"Queensland",490.031,142.365571350831,-9.85911737381313,8323,17136.5204322311,1,0,1,0.1549719817197,349.763273280534,142.338030415925,-9.70661225251342
"97",107,37010,"Townsville (C)",3,"Queensland",3730.82,146.711669869178,-19.3908331055078,8323,16040.7914621307,1,0,1,0.14898029938367,47.5711960060885,146.821634650419,-19.2903200392383
"98",108,37300,"Weipa (T)",3,"Queensland",10.8218,141.878903785904,-12.6404458581146,8323,1587.96394404659,1,0,1,0.01438814494592,338.644364677412,141.873664260198,-12.627045631051
"99",109,37340,"Whitsunday (R)",3,"Queensland",23818.8922,147.724696448784,-20.7009410422293,8323,89375.1623526432,1,0,1,0.80980059034905,13.6832666226817,147.916258335554,-19.9141240116137
"100",110,37600,"Yarrabah (S)",3,"Queensland",158.8381,145.897159522751,-16.994539472662,8323,136.735774997008,1,0,1,0.00128358905351,84.6402768811422,145.898437499791,-16.9944195746036
"101",111,40220,"Alexandrina (DC)",4,"South Australia",1826.8066,138.87835200425,-35.351913970299,8323,8747.19897230775,1,0,1,0.07938798882711,191.783875374899,138.862139344456,-35.4296288493919
"102",112,40430,"Barunga West (DC)",4,"South Australia",1590.3887,137.956336637537,-33.7989670786768,8323,19675.8647386833,1,0,1,0.17860379608908,347.776269581671,137.918520927499,-33.6244125369089
"103",113,41010,"Ceduna (DC)",4,"South Australia",5420.3436,133.872420301259,-32.102111701762,8323,15402.7186450583,1,0,1,0.14168948151425,202.049865264562,133.819228172443,-32.2334376573221
"104",114,41060,"Charles Sturt (C)",4,"South Australia",54.7876,138.523611074883,-34.8903650966762,8323,3398.99886101885,1,0,1,0.03707897440506,263.678991455914,138.486757516446,-34.894447445693
"105",116,41560,"Copper Coast (DC)",4,"South Australia",772.9149,137.728958369907,-33.9833927072877,8323,11412.3317501515,1,0,1,0.11635367102676,302.341596047485,137.63065421602,-33.9211474657827
"106",117,41750,"Elliston (DC)",4,"South Australia",6741.9317,135.344607361395,-33.5615531534744,8323,36543.0790885947,1,0,1,0.35031040575358,218.244321344437,135.127759575844,-33.8366793395798
"107",118,41960,"Franklin Harbour (DC)",4,"South Australia",2755.564,136.964407843155,-33.5343031594947,8323,15413.169633714,1,0,1,0.13933366694686,187.645403406455,136.94587063762,-33.6723982092099
"108",119,42250,"Grant (DC)",4,"South Australia",1898.0143,140.724768700381,-37.8461037076138,8323,22786.2955729546,1,0,1,0.20530476910682,181.115781387997,140.720770835906,-38.0513695481661
"109",120,42600,"Holdfast Bay (C)",4,"South Australia",13.752,138.521309969377,-35.0011440091984,8323,951.090149647356,1,0,1,0.01036581533246,278.413342073132,138.511055707955,-34.9996273516208
"110",121,42750,"Kangaroo Island (DC)",4,"South Australia",4400.8558,137.239768792065,-35.8278195251669,8323,16727.9153731044,1,0,1,0.15091973042153,184.536349827557,137.227832316909,-35.9782664779156
"111",122,43360,"Kingston (DC) (SA)",4,"South Australia",3339.7952,140.025509567648,-36.6435157475179,8323,15336.0583435279,1,0,1,0.1699191087144,259.176953009258,139.85861301438,-36.6754225495109
"112",123,43710,"Lower Eyre Peninsula (DC)",4,"South Australia",4721.2875,135.597083030145,-34.4124549282545,8323,19691.9485144746,1,0,1,0.19680836566037,230.386608761642,135.445468902668,-34.5379407407725
"113",124,43920,"Mallala (DC)",4,"South Australia",932.4913,138.454677026241,-34.4806220802787,8323,12304.9894244065,1,0,1,0.12766497495968,241.929996638718,138.342028856047,-34.5406948327004
"114",127,45040,"Murray Bridge (RC)",4,"South Australia",1831.7597,139.301783002276,-35.159318582277,8323,18718.4873947605,1,0,1,0.17215270202919,200.339730029321,139.241945147151,-35.3207372426297
"115",128,45340,"Onkaparinga (C)",4,"South Australia",518.1251,138.568852590277,-35.1786880483252,8323,9070.66067997492,1,0,1,0.09906535734433,278.369336207018,138.470842242077,-35.164268732416
"116",130,45890,"Port Adelaide Enfield (C)",4,"South Australia",91.7586,138.56150766255,-34.8407120058151,8323,2024.56445763877,1,0,1,0.01842418712146,345.951148542105,138.557035207709,-34.8228389025931
"117",131,46090,"Port Augusta (C)",4,"South Australia",1195.5836,137.755166452907,-32.5956469864441,8323,941.512334279601,1,0,1,0.00999683392489,97.3649938170254,137.765080809632,-32.5969284774672
"118",132,46300,"Port Lincoln (C)",4,"South Australia",30.3681,135.851128444488,-34.7292212093314,8323,1387.77505074641,1,0,1,0.0126133724537,13.1052566333627,135.853988408939,-34.7169363500325
"119",134,46860,"Robe (DC)",4,"South Australia",1091.7162,139.979442439961,-37.1876842031614,8323,18844.048981186,1,0,1,0.18692986430984,224.115154398248,139.849320054377,-37.3218890426451
"120",135,47140,"Salisbury (C)",4,"South Australia",159.8432,138.611299312393,-34.7726589788365,8323,5712.26763215813,1,0,1,0.05861587671873,237.727338138833,138.56173860985,-34.8039568664162
"121",136,47490,"Streaky Bay (DC)",4,"South Australia",6222.8591,134.56402852987,-32.708917041443,8323,25771.2674731653,1,0,1,0.27369805356741,278.210006697747,134.293135523986,-32.6698324678941
"122",137,47800,"The Coorong (DC)",4,"South Australia",8833.4534,139.761310303394,-35.7138080867503,8323,35240.0147013155,1,0,1,0.34783019808908,224.620181961912,139.516993045393,-35.9613862040101
"123",138,47910,"Tumby Bay (DC)",4,"South Australia",2669.0747,136.019697172719,-34.1793341270219,8323,20960.1746139807,1,0,1,0.19838418771005,146.867313369431,136.128129958732,-34.3454624414385
"124",139,48050,"Victor Harbor (C)",4,"South Australia",384.6255,138.54616146691,-35.5127898907673,8323,8244.1240088597,1,0,1,0.08359290786836,127.327071245418,138.612633466661,-35.5634776357843
"125",140,48340,"Wattle Range (DC)",4,"South Australia",3926.3233,140.51887680148,-37.4704053192453,8323,34293.2442848913,1,0,1,0.34601831364837,228.015785044322,140.261671304787,-37.7018659116825
"126",141,48540,"Whyalla (C)",4,"South Australia",1071.6099,137.494357115996,-33.0373110320911,8323,7249.67397911157,1,0,1,0.06761546861998,151.709146749069,137.526403307967,-33.0968500375991
"127",142,48750,"Yankalilla (DC)",4,"South Australia",751.2577,138.337093169012,-35.5185922678439,8323,6759.90657228816,1,0,1,0.06585420860216,318.74182604738,138.293665409132,-35.4690866473308
"128",143,48830,"Yorke Peninsula (DC)",4,"South Australia",5899.6079,137.559940597923,-34.6837118383376,8323,6200.69669175213,1,0,1,0.06380221398809,301.137499573004,137.505330443246,-34.650720119438
"129",145,50080,"Albany (C)",5,"Western Australia",4310.8905,118.183004773222,-34.7389543720479,8323,20063.0932710294,1,0,1,0.18312644464305,163.86957857419,118.233881830782,-34.9148714540544
"130",147,50280,"Augusta-Margaret River (S)",5,"Western Australia",2122.3749,115.227790523816,-34.0308772282194,8323,20893.3843166697,1,0,1,0.22623766450643,269.593875139646,115.001558542693,-34.0324808362215
"131",148,50420,"Bayswater (C)",5,"Western Australia",32.7699,115.908276627096,-31.9057236002705,8323,2939.59918359592,1,0,1,0.02695939404668,159.62237293858,115.917664050656,-31.9309958222993
"132",149,50490,"Belmont (C)",5,"Western Australia",39.6519,115.94827890706,-31.9563827000943,8323,3022.55590684229,1,0,1,0.03149455325969,286.540266512563,115.918087601662,-31.9474165435386
"133",150,50980,"Broome (S)",5,"Western Australia",54371.5979,122.463290483612,-18.671461573721,8323,53303.540302205,1,0,1,0.49151781716138,318.050949470587,122.134725808849,-18.3059003352323
"134",151,51190,"Bunbury (C)",5,"Western Australia",65.4163,115.664394026327,-33.3516465610093,8323,2992.0274740365,1,0,1,0.02698619752951,357.240645528809,115.663094878227,-33.3246916528975
"135",152,51260,"Busselton (C)",5,"Western Australia",1454.0505,115.348859820577,-33.71844401075,8323,7809.42511093628,1,0,1,0.07096249120554,346.858088028226,115.332725525163,-33.6493400335157
"136",153,51310,"Cambridge (T)",5,"Western Australia",21.9936,115.786432220545,-31.9362995380126,8323,2953.49036925632,1,0,1,0.03122506524806,267.666441806142,115.755233049666,-31.9375709294547
"137",154,51330,"Canning (C)",5,"Western Australia",64.8789,115.916350991537,-32.036894623339,8323,1328.32387060609,1,0,1,0.01350528640349,298.161553964093,115.904444456347,-32.0305206778869
"138",155,51400,"Capel (S)",5,"Western Australia",557.8983,115.63571982297,-33.5323505929176,8323,10065.6083449388,1,0,1,0.09813393638927,315.815228936094,115.56732296908,-33.4619791509171
"139",156,51470,"Carnamah (S)",5,"Western Australia",2870.9247,115.577832406194,-29.7732228694989,8323,58238.9931410788,1,0,1,0.60108635647147,263.0986020894,114.981101274704,-29.8454500433848
"140",157,51540,"Carnarvon (S)",5,"Western Australia",46574.4709,114.391029150785,-24.3499584848486,8323,89262.5529890217,1,0,1,0.86358414889287,242.79489421395,113.622978448697,-24.7447694538471
"141",158,51610,"Chapman Valley (S)",5,"Western Australia",3981.3333,115.059126175326,-28.3223768600811,8323,54975.4488801207,1,0,1,0.54369856028394,241.038138288745,114.583421349216,-28.5856505634225
"142",159,51750,"Claremont (T)",5,"Western Australia",4.9556,115.77997604836,-31.9801491033696,8323,1012.45463696956,1,0,1,0.00940464065617,207.271894729977,115.775666714048,-31.9885083439848
"143",160,51820,"Cockburn (C)",5,"Western Australia",167.8989,115.79295309421,-32.1143092784823,8323,2861.16626086021,1,0,1,0.03020812827418,277.884412357776,115.763030528836,-32.1101654764555
"144",162,52170,"Cottesloe (T)",5,"Western Australia",3.8564,115.758496080462,-31.9940032356976,8323,717.0916023852,1,0,1,0.00750593640036,283.99909672233,115.751213073825,-31.9921875001529
"145",163,52590,"Dandaragan (S)",5,"Western Australia",6711.5721,115.506069993484,-30.5396136893355,8323,38206.8951120669,1,0,1,0.38939569575266,248.047903601592,115.14490675904,-30.6851819755675
"146",164,52730,"Denmark (S)",5,"Western Australia",1859.8488,117.118828209232,-34.8904845889575,8323,15444.7744823841,1,0,1,0.1425801339594,157.644244738613,117.173059463324,-35.0223484038557
"147",165,52800,"Derby-West Kimberley (S)",5,"Western Australia",119761.1954,124.977055580568,-17.7907101608206,8323,121072.460760215,1,0,1,1.13078430079858,296.235972315932,123.9627635478,-17.2908253668972
"148",166,53080,"Dundas (S)",5,"Western Australia",92885.0302,124.417878021572,-32.0113355718679,8323,102107.10749907,1,0,1,0.92220888272881,173.924474943175,124.515483975206,-32.9283646342204
"149",167,53150,"East Fremantle (T)",5,"Western Australia",3.1384,115.768167428391,-32.0379402285635,8323,777.017248611532,1,0,1,0.00734888960131,324.879423729846,115.763939619318,-32.0319292545314
"150",169,53290,"Esperance (S)",5,"Western Australia",44797.5456,122.250281452962,-33.2219725480835,8323,71204.3926538703,1,0,1,0.65608156962353,202.174480983762,122.002657652229,-33.8295295242681
"151",172,53570,"Gingin (S)",5,"Western Australia",3208.3585,115.69917406535,-31.1915800014239,8323,25097.4482531205,1,0,1,0.24572632673627,229.451145431072,115.512458443602,-31.3513257501832
"152",174,53990,"Harvey (S)",5,"Western Australia",1727.6068,115.912495555444,-33.1011048120101,8323,21036.8524225966,1,0,1,0.22457702736129,262.322393815901,115.68993175065,-33.1311080454
"153",175,54060,"Irwin (S)",5,"Western Australia",2369.3298,115.09181130991,-29.3260419798172,8323,13610.817597022,1,0,1,0.13867077966418,254.546390128806,114.958153962936,-29.3629919288345
"154",176,54130,"Jerramungup (S)",5,"Western Australia",6508.5904,119.101265431331,-34.0704400130571,8323,43204.9624208937,1,0,1,0.38987533140762,184.57728427891,119.070151925271,-34.4590718745673
"155",177,54170,"Joondalup (C)",5,"Western Australia",98.9285,115.7667032169,-31.7834926802148,8323,3228.1656011789,1,0,1,0.03388545815569,259.736837287319,115.733359933115,-31.7895300389801
"156",178,54310,"Karratha (C)",5,"Western Australia",15239.4525,117.035895027344,-21.0492260882868,8323,38392.0386248813,1,0,1,0.34873484267652,341.894940962508,116.927522063493,-20.7177577018565
"157",179,54830,"Kwinana (C)",5,"Western Australia",120.0121,115.828662037576,-32.2276902022263,8323,6059.00064651728,1,0,1,0.06211195927729,295.428798737864,115.772567510882,-32.2010200023712
"158",181,55180,"Manjimup (S)",5,"Western Australia",7029.6077,116.325678146968,-34.5571401713522,8323,35213.4166877832,1,0,1,0.32095935642419,164.783284786504,116.409920572976,-34.8668466810295
"159",182,55320,"Melville (C)",5,"Western Australia",52.8506,115.829388153899,-32.0474466098713,8323,2490.72478879366,1,0,1,0.02371004102823,322.322243081678,115.81489610667,-32.0286810399979
"160",183,55740,"Mosman Park (T)",5,"Western Australia",4.3472,115.765545732716,-32.0148043873718,8323,850.113790518247,1,0,1,0.0076967479844,189.742805095461,115.764243244831,-32.0223901276023
"161",184,56230,"Murray (S)",5,"Western Australia",1703.4688,115.989431583674,-32.6236626608864,8323,20111.3737063557,1,0,1,0.21365651530332,276.904303473221,115.777324437973,-32.5979787111486
"162",185,56300,"Nannup (S)",5,"Western Australia",3053.9361,115.663896134458,-34.1284358623806,8323,32604.8346581821,1,0,1,0.30438451153995,207.786133548258,115.522000432175,-34.3977229592471
"163",187,56790,"Northampton (S)",5,"Western Australia",12543.7142,114.645913700728,-27.7530794916601,8323,46603.2245355476,1,0,1,0.47119470454532,278.576853970962,114.179988503767,-27.682807445807
"164",188,56930,"Peppermint Grove (S)",5,"Western Australia",1.0677,115.767142727901,-31.9993332083389,8323,432.643948434113,1,0,1,0.0045002532593,107.766837324225,115.771428346842,-32.0007064343544
"165",189,57080,"Perth (C)",5,"Western Australia",12.0213,115.850662562492,-31.9576343458506,8323,258.869321348219,1,0,1,0.00233458669345,180.599110877678,115.850638151431,-31.9599688049163
"166",190,57280,"Port Hedland (T)",5,"Western Australia",18417.0777,118.673203522268,-20.9291230610229,8323,64325.3564031947,1,0,1,0.5818669767696,350.766562879774,118.579838752457,-20.3547954555458
"167",191,57420,"Ravensthorpe (S)",5,"Western Australia",9841.7503,120.138598491566,-33.6161956344793,8323,34885.8286751804,1,0,1,0.31822774073504,196.068533904702,120.050517201309,-33.9219906332611
"168",192,57490,"Rockingham (C)",5,"Western Australia",257.497,115.788996800714,-32.3441825286511,8323,4241.09608410519,1,0,1,0.04505077497788,270.550100903554,115.743948102124,-32.3437499995628
"169",193,57770,"Shark Bay (S)",5,"Western Australia",24201.3839,114.525141945151,-26.5367245036927,8323,36235.296923668,1,0,1,0.35305436637488,300.129093583796,114.219786405518,-26.3595088722365
"170",194,57840,"South Perth (C)",5,"Western Australia",19.8116,115.870014801099,-31.9978570546032,8323,1472.13323144789,1,0,1,0.01557789911407,268.930405281256,115.854439616295,-31.9981478451468
"171",195,57910,"Stirling (C)",5,"Western Australia",104.727,115.819626914288,-31.885693240732,8323,6148.19832387587,1,0,1,0.06483134380338,263.485195019849,115.755214214265,-31.8930490014102
"172",197,58510,"Victoria Park (T)",5,"Western Australia",17.9397,115.901470010191,-31.9797136936168,8323,1940.92112022635,1,0,1,0.0188235014579,315.290083276586,115.888227343418,-31.9663362505175
"173",199,58760,"Wanneroo (C)",5,"Western Australia",685.068,115.763256730669,-31.6122814047644,8323,8654.8759100146,1,0,1,0.08778684371615,242.128309929852,115.685653448149,-31.653321147353
"174",201,59340,"Wyndham-East Kimberley (S)",5,"Western Australia",112065.9843,127.05167702393,-15.5589781857701,8323,76352.3717525904,1,0,1,0.71181560025566,90.6782232061941,127.763442754979,-15.5674039125605
"175",202,60210,"Break O'Day (M)",6,"Tasmania",3523.8859,148.049894605737,-41.4253079566417,8323,16128.3939125205,1,0,1,0.19059909433518,100.465195733141,148.237323165132,-41.4599280358501
"176",203,60410,"Brighton (M)",6,"Tasmania",171.1599,147.260947605086,-42.7193425564518,8323,2959.0421322397,1,0,1,0.02676962940653,188.460297930054,147.257009148654,-42.7458208800296
"177",204,60610,"Burnie (C)",6,"Tasmania",610.9529,145.806193672788,-41.2160578338863,8323,19825.3359792986,1,0,1,0.17996479814207,11.1574293735908,145.8410178421,-41.0394945143603
"178",205,60810,"Central Coast (M) (Tas.)",6,"Tasmania",933.0892,146.040023349855,-41.2812476807072,8323,15139.4009297118,1,0,1,0.14686666946504,34.5783857450759,146.123375058512,-41.1603249315502
"179",206,61210,"Circular Head (M)",6,"Tasmania",4898.011,145.014654262157,-41.078948789854,8323,28947.6402388462,1,0,1,0.27019358034767,23.8066129159897,145.123718142879,-40.8317451475205
"180",207,61410,"Clarence (C)",6,"Tasmania",377.9552,147.434134065949,-42.8370262798852,8323,3755.47247260848,1,0,1,0.03790195911137,41.9168757111179,147.459454536198,-42.8088228706787
"181",208,61510,"Derwent Valley (M)",6,"Tasmania",4108.1021,146.421355123959,-42.8129698285084,8323,57155.585997065,1,0,1,0.54152695985303,207.32487277578,146.172775149454,-43.294072150809
"182",209,61610,"Devonport (C)",6,"Tasmania",111.259,146.311899433532,-41.2086969274123,8323,3536.55568792381,1,0,1,0.04215269306921,91.7741207819772,146.354031920537,-41.2100019453335
"183",210,61810,"Dorset (M)",6,"Tasmania",3230.5456,147.708514544917,-41.0721213745254,8323,22277.6404883248,1,0,1,0.20587436459573,20.1604636668663,147.779469251705,-40.878860712252
"184",211,62010,"Flinders (M) (Tas.)",6,"Tasmania",1996.6244,148.097848918891,-40.1193670839543,8323,7065.31114956292,1,0,1,0.08224974653154,261.388343661542,148.016526461028,-40.1316828726663
"185",212,62210,"George Town (M)",6,"Tasmania",653.4377,147.02601659185,-41.1021798747896,8323,10623.1127435684,1,0,1,0.10539891304462,219.903648347092,146.958403349336,-41.1830339427621
"186",213,62410,"Glamorgan/Spring Bay (M)",6,"Tasmania",2591.5618,147.965347310874,-42.269180059913,8323,4845.05131015178,1,0,1,0.04479393666348,160.135636231199,147.980568051076,-42.311308741705
"187",214,62610,"Glenorchy (C)",6,"Tasmania",121.1483,147.219760471438,-42.839333146404,8323,4023.34402911354,1,0,1,0.04398591317734,56.9662003463354,147.256636023534,-42.8153549434757
"188",215,62810,"Hobart (C)",6,"Tasmania",77.9097,147.287606595667,-42.8978387525394,8323,3768.80080874515,1,0,1,0.04614192802487,90.5133090262015,147.333746671972,-42.8982521294322
"189",216,63010,"Huon Valley (M)",6,"Tasmania",5507.3541,146.597154815832,-43.2514297080678,8323,23974.5316410488,1,0,1,0.21714271226898,189.369754852862,146.561802863911,-43.4656753544341
"190",217,63410,"King Island (M)",6,"Tasmania",1095.7407,143.985480101714,-39.8638139789043,8323,10316.7576692613,1,0,1,0.12034249625999,94.3829697745893,144.105470657745,-39.8730108734529
"191",218,63610,"Kingborough (M)",6,"Tasmania",720.1029,147.262334732365,-43.1891988416466,8323,577.704333231797,1,0,1,0.00702534073897,279.425285681379,147.255404233819,-43.1880483624419
"192",219,63810,"Latrobe (M) (Tas.)",6,"Tasmania",600.4617,146.560021522131,-41.2439831563993,8323,1129.2944932194,1,0,1,0.01052606409536,23.2044412601028,146.564168929853,-41.2343086003616
"193",220,64010,"Launceston (C)",6,"Tasmania",1413.6306,147.305814726015,-41.3606342424622,8323,15959.0730805867,1,0,1,0.18569786788129,254.323809877324,147.127024054816,-41.4108098742762
"194",221,64810,"Sorell (M)",6,"Tasmania",583.6761,147.696128927247,-42.7786570601345,8323,9709.36899263607,1,0,1,0.08818258936635,191.315450951441,147.67882657029,-42.8651255371137
"195",222,65210,"Tasman (M)",6,"Tasmania",660.4962,147.834644871037,-43.0546651081096,8323,427.485042888782,1,0,1,0.00385167120887,183.699282985666,147.834396361903,-43.0585087540756
"196",223,65410,"Waratah/Wynyard (M)",6,"Tasmania",3535.9075,145.495380736419,-41.3832415525306,8323,48180.0404676744,1,0,1,0.46052325750135,30.8016794669466,145.731199979496,-40.9876774549506
"197",224,65610,"West Coast (M)",6,"Tasmania",9583.5388,145.63731900941,-42.2981881375874,8323,9351.07047599003,1,0,1,0.09995582205158,233.539218074895,145.556928158208,-42.3575891258374
"198",225,65810,"West Tamar (M)",6,"Tasmania",691.147,146.864396214389,-41.2816419665381,8323,7963.71581009651,1,0,1,0.07950083237133,41.1586939701248,146.916719437054,-41.2217866182579
"199",226,71000,"Darwin (C)",7,"Northern Territory",111.2725,130.887001957801,-12.3984254582147,8323,4038.9978841246,1,0,1,0.036863591848,311.235633150015,130.85928034821,-12.3741265535975
"200",227,71300,"East Arnhem (R)",7,"Northern Territory",33309.9334,135.745530783581,-12.9332437292619,8323,41137.5018436888,1,0,1,0.37481845711294,140.472054016337,135.984085678812,-13.2223465444574
"201",228,72300,"Litchfield (M)",7,"Northern Territory",2903.1459,131.121800574638,-12.5374507729503,8323,11852.2734092188,1,0,1,0.10881165904126,249.090967568445,131.020154356538,-12.576284051068
"202",229,72800,"Palmerston (C)",7,"Northern Territory",52.6559,130.979176786192,-12.5025194105555,8323,3490.13843032397,1,0,1,0.03164764752638,205.080907832566,130.965761422952,-12.5311830045919
"203",230,73600,"Roper Gulf (R)",7,"Northern Territory",185210.2475,134.651130976911,-15.434839703386,8323,82175.5371794556,1,0,1,0.76509587872591,82.8925916792989,135.410347819097,-15.3401745557112
"204",231,74050,"Tiwi Islands (R)",7,"Northern Territory",7483.1661,130.816296139099,-11.559845460038,8323,850.0234362499,1,0,1,0.0077651324777,300.09732753465,130.809577942069,-11.5559514760797
"205",232,74550,"Victoria Daly (R)",7,"Northern Territory",153287.0839,130.6586269153,-16.2495862744241,8323,71244.9444932145,1,0,1,0.64546685143992,343.641626191456,130.476834773607,-15.6302486657433
"206",234,74660,"West Arnhem (R)",7,"Northern Territory",49675.0343,133.258513531361,-12.5080581736812,8323,43658.2759634326,1,0,1,0.39920190166013,304.958106462208,132.931339144586,-12.2793245318015
"207",235,74680,"West Daly (R)",7,"Northern Territory",14069.6979,130.060339366444,-14.2230073178362,8323,42564.8877634411,1,0,1,0.38893607115786,221.291738931688,129.803683042739,-14.5152380467984
"208",237,99399,"Unincorp. Other Territories",9,"Other Territories",256.3162,128.368542906233,-20.7972651817048,8323,555942.407073933,1,0,1,5.02485314475881,354.44482506619,127.882115721963,-15.7960115667802
"209",238,53360,"Exmouth (S)",5,"Western Australia",6488.0705,114.167011848109,-22.5217021337038,170,0.158167175677977,NA,NA,NA,0.00231284108095,197.401071660417,114.166320173,-22.523909127
"210",239,36250,"Redland (C)",3,"Queensland",537.167,153.360842944554,-27.5685984881586,102,0.809021586381021,NA,NA,NA,0.01174951034205,180.0289590033,153.360837006,-27.5803479969999
"211",240,26080,"Queenscliffe (B)",2,"Victoria",8.6166,144.647715397738,-38.2642802963497,64,0.166084552234473,NA,NA,NA,0.00245650278767,161.241740443982,144.64850535,-38.2666063189999
"212",241,55110,"Mandurah (C)",5,"Western Australia",174.8967,115.682924023854,-32.6337959484483,180,1.9960662391897,NA,NA,NA,0.0342153582015,267.029408294834,115.648754642,-32.635569104
"213",266,24330,"Maribyrnong (C)",2,"Victoria",31.2254,144.877772285011,-37.7952674106056,58454,2.32251477653526,NA,NA,NA,0.03783195481191,131.526771951474,144.906095027564,-37.8203488591125
"214",267,74560,"Wagait (S)",7,"Northern Territory",5.6378,130.749704696445,-12.4412354563658,18341,1.36024629483566,NA,NA,NA,0.0201304989704,96.3553153763986,130.768130779013,-12.4428253177342
"215",268,16610,"Richmond Valley (A)",1,"New South Wales",3047.3748,153.046281555677,-29.0596273275037,70653,21.5753578912894,NA,NA,NA,0.35517160457768,80.9738667091843,153.397055029866,-29.0039062497736
"216",269,49399,"Unincorporated SA",4,"South Australia",622489.1953,136.749613132346,-29.5902252590867,50104,276.471502727978,NA,NA,NA,4.39995527520914,234.050758827974,133.187684774833,-32.1732995514332
"217",270,14850,"Lismore (C)",1,"New South Wales",1287.7043,153.270655514155,-28.7561746992589,70657,18.4575790694515,NA,NA,NA,0.27492194963879,152.001805832123,153.399715900769,-28.9989204407258
"218",271,17420,"The Hills Shire (A)",1,"New South Wales",386.1588,150.962034088489,-33.5882605423307,66116,7.87741310147365,NA,NA,NA,0.12390023590279,315.085844118569,150.8745547536,-33.5005186798931
"219",272,32080,"Cairns (R)",3,"Queensland",1689.3129,145.819001143442,-17.1601602402362,81279,7.85091931246506,NA,NA,NA,0.11763437635633,119.07158172171,145.921815156945,-17.2173190114631
"220",273,33620,"Gympie (R)",3,"Queensland",6883.9713,152.46363461625,-26.1470377222367,72582,36.1551755224093,NA,NA,NA,0.57023234636901,65.3185064386451,152.98177230345,-25.9089237454344
"221",274,33980,"Isaac (R)",3,"Queensland",58707.9174,147.891851705852,-22.2381015636424,77581,102.685973300611,NA,NA,NA,1.59352676302651,75.6906602942504,149.435940027011,-21.8442503214951
"222",275,41190,"Cleve (DC)",4,"South Australia",5018.8484,136.284750390616,-33.6503096823257,52902,24.8554456659171,NA,NA,NA,0.39461651087993,132.453536073933,136.575908303226,-33.9166727063801
"223",276,44060,"Marion (C)",4,"South Australia",55.6407,138.539696274644,-35.0324830293259,55183,1.79668834197942,NA,NA,NA,0.03099065212595,252.023418594695,138.510218501183,-35.0420476198018
"224",277,44830,"Mount Remarkable (DC)",4,"South Australia",3422.7733,138.205112846333,-32.7582844410929,53658,18.238476249315,NA,NA,NA,0.30418938531512,246.941945213446,137.92522561527,-32.877424358947
"225",278,45680,"Playford (C)",4,"South Australia",345.203,138.662966576111,-34.6888892842669,55046,8.86962339516752,NA,NA,NA,0.15317205058338,254.140586211392,138.515624999594,-34.7307478187567
"226",279,46450,"Port Pirie City and Dists (M)",4,"South Australia",1760.7097,138.105932343508,-33.3768423160998,53902,12.3078253171149,NA,NA,NA,0.20660497170898,247.375522325551,137.915226459934,-33.4563211202234
"227",280,50250,"Ashburton (S)",5,"Western Australia",100816.1523,116.726257703677,-22.4936763074409,40137,102.804329963766,NA,NA,NA,1.55701239077938,308.847845306428,115.513633966335,-21.5170334573282
"228",281,52030,"Coorow (S)",5,"Western Australia",4189.8791,115.75921416774,-30.0216161596358,44395,46.0368798548111,NA,NA,NA,0.76590983766864,261.71419528022,115.001299261852,-30.1319922207643
"229",282,53220,"East Pilbara (S)",5,"Western Australia",372307.466,123.59665935971,-21.768483992962,37698,262.750184067592,NA,NA,NA,4.00825282704656,297.27121734684,120.033933758537,-19.9318901303253
"230",283,53430,"Fremantle (C)",5,"Western Australia",19.0103,115.766560236437,-32.0576472245183,44963,1.16729347645296,NA,NA,NA,0.019770719864,259.556393722317,115.747117042318,-32.061231016698
"231",284,53800,"Greater Geraldton (C)",5,"Western Australia",9909.0003,115.497148486142,-28.561547868219,44234,53.2379634582282,NA,NA,NA,0.83819620079259,234.726393372829,114.81284201125,-29.0455907583067
"232",285,56580,"Nedlands (C)",5,"Western Australia",19.9466,115.789948588914,-31.9724000606282,44772,1.39813178937898,NA,NA,NA,0.02043579195516,193.100297913644,115.786731123543,-31.9921875001529
"233",286,57980,"Subiaco (C)",5,"Western Australia",6.9764,115.818670238887,-31.9576593636313,44789,1.37142628290417,NA,NA,NA,0.01997971188013,170.433104716008,115.8219908475,-31.9773612022576
"234",287,58570,"Vincent (C)",5,"Western Australia",11.3769,115.852544586359,-31.931290403268,44807,1.86924816099071,NA,NA,NA,0.03111502595359,110.364047478815,115.881714939693,-31.9421179295988
"235",288,58820,"Waroona (S)",5,"Western Australia",832.2286,115.920095289168,-32.8579523338829,45429,15.701181754357,NA,NA,NA,0.2689064784119,261.785222772816,115.653947949239,-32.8963748218405
"236",289,79399,"Unincorporated NT",7,"Northern Territory",19790.0427,131.187217053692,-13.112453526691,18160,42.707613953507,NA,NA,NA,0.62504806324062,325.455827882211,130.868742942833,-12.6167074438934
